match_id,season_id,league_id,matchday,home_team_id,away_team_id,winner,utc_date
435943,1,1,1,12,7,AWAY_TEAM,2023-08-11
435944,1,1,1,1,13,HOME_TEAM,2023-08-12
435945,1,1,1,20,19,DRAW,2023-08-12
435946,1,1,1,17,16,HOME_TEAM,2023-08-12
435947,1,1,1,4,5,AWAY_TEAM,2023-08-12
435948,1,1,1,15,14,AWAY_TEAM,2023-08-12
435949,1,1,1,9,2,HOME_TEAM,2023-08-12
435950,1,1,1,18,10,DRAW,2023-08-13
435951,1,1,1,3,6,DRAW,2023-08-13
435952,1,1,1,8,11,HOME_TEAM,2023-08-14
435959,1,1,2,13,15,HOME_TEAM,2023-08-18
435955,1,1,2,5,18,AWAY_TEAM,2023-08-19
435956,1,1,2,6,20,HOME_TEAM,2023-08-19
435962,1,1,2,11,17,AWAY_TEAM,2023-08-19
435960,1,1,2,10,8,HOME_TEAM,2023-08-19
435958,1,1,2,7,9,HOME_TEAM,2023-08-19
435953,1,1,2,2,4,HOME_TEAM,2023-08-20
435961,1,1,2,19,3,HOME_TEAM,2023-08-20
435954,1,1,2,14,1,AWAY_TEAM,2023-08-21
435968,1,1,3,3,16,HOME_TEAM,2023-08-25
435963,1,1,3,20,10,AWAY_TEAM,2023-08-26
435969,1,1,3,4,11,AWAY_TEAM,2023-08-26
435970,1,1,3,8,13,HOME_TEAM,2023-08-26
435964,1,1,3,1,5,DRAW,2023-08-26
435965,1,1,3,18,14,DRAW,2023-08-26
435966,1,1,3,17,19,AWAY_TEAM,2023-08-26
435972,1,1,3,15,7,AWAY_TEAM,2023-08-27
435967,1,1,3,12,2,AWAY_TEAM,2023-08-27
435971,1,1,3,9,6,AWAY_TEAM,2023-08-27
435980,1,1,4,16,19,AWAY_TEAM,2023-09-01
435982,1,1,4,15,4,DRAW,2023-09-02
435974,1,1,4,18,20,DRAW,2023-09-02
435976,1,1,4,12,10,AWAY_TEAM,2023-09-02
435977,1,1,4,3,13,AWAY_TEAM,2023-09-02
435981,1,1,4,7,5,HOME_TEAM,2023-09-02
435975,1,1,4,17,9,HOME_TEAM,2023-09-02
435978,1,1,4,14,11,HOME_TEAM,2023-09-03
435979,1,1,4,6,2,HOME_TEAM,2023-09-03
435973,1,1,4,1,8,HOME_TEAM,2023-09-03
435992,1,1,5,11,6,AWAY_TEAM,2023-09-16
435984,1,1,5,2,14,HOME_TEAM,2023-09-16
435986,1,1,5,5,16,HOME_TEAM,2023-09-16
435987,1,1,5,8,17,AWAY_TEAM,2023-09-16
435990,1,1,5,10,15,HOME_TEAM,2023-09-16
435991,1,1,5,19,7,AWAY_TEAM,2023-09-16
435988,1,1,5,9,18,HOME_TEAM,2023-09-16
435983,1,1,5,20,3,DRAW,2023-09-17
435985,1,1,5,4,1,AWAY_TEAM,2023-09-17
435989,1,1,5,13,12,DRAW,2023-09-18
435998,1,1,6,14,5,DRAW,2023-09-23
436000,1,1,6,16,11,DRAW,2023-09-23
436001,1,1,6,7,13,HOME_TEAM,2023-09-23
435994,1,1,6,18,4,AWAY_TEAM,2023-09-23
435996,1,1,6,12,8,AWAY_TEAM,2023-09-23
435993,1,1,6,1,10,DRAW,2023-09-24
435995,1,1,6,17,20,HOME_TEAM,2023-09-24
435997,1,1,6,3,2,AWAY_TEAM,2023-09-24
435999,1,1,6,6,19,HOME_TEAM,2023-09-24
436002,1,1,6,15,9,AWAY_TEAM,2023-09-24
436004,1,1,7,2,17,HOME_TEAM,2023-09-30
436003,1,1,7,20,1,AWAY_TEAM,2023-09-30
436005,1,1,7,4,16,AWAY_TEAM,2023-09-30
436007,1,1,7,8,14,AWAY_TEAM,2023-09-30
436008,1,1,7,9,12,HOME_TEAM,2023-09-30
436011,1,1,7,19,15,HOME_TEAM,2023-09-30
436012,1,1,7,11,7,HOME_TEAM,2023-09-30
436010,1,1,7,10,6,HOME_TEAM,2023-09-30
436009,1,1,7,13,18,DRAW,2023-10-01
436006,1,1,7,5,3,AWAY_TEAM,2023-10-02
435957,1,1,2,16,12,AWAY_TEAM,2023-10-03
436019,1,1,8,16,10,AWAY_TEAM,2023-10-07
436015,1,1,8,12,3,AWAY_TEAM,2023-10-07
436017,1,1,8,4,20,HOME_TEAM,2023-10-07
436018,1,1,8,5,15,HOME_TEAM,2023-10-07
436020,1,1,8,8,18,HOME_TEAM,2023-10-07
436016,1,1,8,14,13,DRAW,2023-10-07
436014,1,1,8,17,6,DRAW,2023-10-08
436021,1,1,8,19,9,DRAW,2023-10-08
436022,1,1,8,11,2,DRAW,2023-10-08
436013,1,1,8,1,7,HOME_TEAM,2023-10-08
436027,1,1,9,6,4,HOME_TEAM,2023-10-21
436023,1,1,9,20,11,AWAY_TEAM,2023-10-21
436025,1,1,9,18,12,HOME_TEAM,2023-10-21
436028,1,1,9,7,17,HOME_TEAM,2023-10-21
436029,1,1,9,9,14,HOME_TEAM,2023-10-21
436030,1,1,9,13,16,DRAW,2023-10-21
436026,1,1,9,3,1,DRAW,2023-10-21
436031,1,1,9,15,8,AWAY_TEAM,2023-10-21
436024,1,1,9,2,19,HOME_TEAM,2023-10-22
436032,1,1,9,10,5,HOME_TEAM,2023-10-23
436038,1,1,10,14,10,AWAY_TEAM,2023-10-27
436037,1,1,10,3,18,AWAY_TEAM,2023-10-28
436033,1,1,10,20,12,HOME_TEAM,2023-10-28
436034,1,1,10,1,15,HOME_TEAM,2023-10-28
436042,1,1,10,11,9,DRAW,2023-10-28
436041,1,1,10,19,4,AWAY_TEAM,2023-10-29
436035,1,1,10,2,16,HOME_TEAM,2023-10-29
436036,1,1,10,17,5,DRAW,2023-10-29
436039,1,1,10,6,13,HOME_TEAM,2023-10-29
436040,1,1,10,8,7,AWAY_TEAM,2023-10-29
436046,1,1,11,5,8,AWAY_TEAM,2023-11-04
436043,1,1,11,18,19,HOME_TEAM,2023-11-04
436044,1,1,11,12,14,AWAY_TEAM,2023-11-04
436045,1,1,11,4,17,DRAW,2023-11-04
436048,1,1,11,7,20,HOME_TEAM,2023-11-04
436051,1,1,11,15,11,HOME_TEAM,2023-11-04
436049,1,1,11,9,1,HOME_TEAM,2023-11-04
436050,1,1,11,13,2,HOME_TEAM,2023-11-05
436047,1,1,11,16,6,DRAW,2023-11-05
436052,1,1,11,10,3,AWAY_TEAM,2023-11-06
436062,1,1,12,11,10,HOME_TEAM,2023-11-11
436054,1,1,12,1,12,HOME_TEAM,2023-11-11
436058,1,1,12,14,4,AWAY_TEAM,2023-11-11
436060,1,1,12,8,16,HOME_TEAM,2023-11-11
436053,1,1,12,20,9,HOME_TEAM,2023-11-11
436055,1,1,12,2,5,HOME_TEAM,2023-11-12
436056,1,1,12,17,15,DRAW,2023-11-12
436059,1,1,12,6,18,HOME_TEAM,2023-11-12
436061,1,1,12,19,13,HOME_TEAM,2023-11-12
436057,1,1,12,3,7,DRAW,2023-11-12
436068,1,1,13,7,6,DRAW,2023-11-25
436064,1,1,13,12,19,AWAY_TEAM,2023-11-25
436067,1,1,13,16,14,HOME_TEAM,2023-11-25
436069,1,1,13,9,3,HOME_TEAM,2023-11-25
436070,1,1,13,13,17,AWAY_TEAM,2023-11-25
436071,1,1,13,15,20,AWAY_TEAM,2023-11-25
436063,1,1,13,18,1,AWAY_TEAM,2023-11-25
436072,1,1,13,10,2,AWAY_TEAM,2023-11-26
436065,1,1,13,4,8,AWAY_TEAM,2023-11-26
436066,1,1,13,5,11,HOME_TEAM,2023-11-27
436074,1,1,14,1,11,HOME_TEAM,2023-12-02
436075,1,1,14,18,16,HOME_TEAM,2023-12-02
436076,1,1,14,12,15,HOME_TEAM,2023-12-02
436081,1,1,14,13,4,AWAY_TEAM,2023-12-02
436080,1,1,14,9,8,HOME_TEAM,2023-12-02
436073,1,1,14,20,2,DRAW,2023-12-03
436077,1,1,14,3,17,HOME_TEAM,2023-12-03
436078,1,1,14,6,5,HOME_TEAM,2023-12-03
436082,1,1,14,19,14,DRAW,2023-12-03
436079,1,1,14,7,10,DRAW,2023-12-03
436090,1,1,15,11,12,HOME_TEAM,2023-12-05
436087,1,1,15,16,1,AWAY_TEAM,2023-12-05
436084,1,1,15,17,18,HOME_TEAM,2023-12-06
436086,1,1,15,5,13,HOME_TEAM,2023-12-06
436088,1,1,15,15,6,AWAY_TEAM,2023-12-06
436091,1,1,15,14,20,AWAY_TEAM,2023-12-06
436083,1,1,15,2,7,HOME_TEAM,2023-12-06
436092,1,1,15,8,3,HOME_TEAM,2023-12-06
436085,1,1,15,4,9,HOME_TEAM,2023-12-07
436089,1,1,15,10,19,AWAY_TEAM,2023-12-07
436095,1,1,16,14,6,AWAY_TEAM,2023-12-09
436094,1,1,16,17,12,DRAW,2023-12-09
436099,1,1,16,8,20,AWAY_TEAM,2023-12-09
436100,1,1,16,15,18,HOME_TEAM,2023-12-09
436102,1,1,16,11,13,DRAW,2023-12-09
436093,1,1,16,2,1,HOME_TEAM,2023-12-09
436096,1,1,16,4,3,HOME_TEAM,2023-12-10
436097,1,1,16,5,19,HOME_TEAM,2023-12-10
436098,1,1,16,16,7,AWAY_TEAM,2023-12-10
436101,1,1,16,10,9,HOME_TEAM,2023-12-10
436111,1,1,17,13,10,AWAY_TEAM,2023-12-15
436107,1,1,17,3,15,HOME_TEAM,2023-12-16
436109,1,1,17,7,14,DRAW,2023-12-16
436110,1,1,17,9,5,HOME_TEAM,2023-12-16
436106,1,1,17,12,4,AWAY_TEAM,2023-12-16
436104,1,1,17,1,17,HOME_TEAM,2023-12-17
436105,1,1,17,18,2,AWAY_TEAM,2023-12-17
436112,1,1,17,19,11,HOME_TEAM,2023-12-17
436108,1,1,17,6,8,DRAW,2023-12-17
436114,1,1,18,14,17,DRAW,2023-12-21
436113,1,1,18,2,15,DRAW,2023-12-22
436121,1,1,18,19,8,HOME_TEAM,2023-12-23
436115,1,1,18,5,12,AWAY_TEAM,2023-12-23
436117,1,1,18,16,9,HOME_TEAM,2023-12-23
436119,1,1,18,13,20,AWAY_TEAM,2023-12-23
436120,1,1,18,10,4,HOME_TEAM,2023-12-23
436116,1,1,18,6,1,DRAW,2023-12-23
436122,1,1,18,11,3,HOME_TEAM,2023-12-24
436131,1,1,19,9,13,AWAY_TEAM,2023-12-26
436123,1,1,19,20,5,HOME_TEAM,2023-12-26
436132,1,1,19,15,16,AWAY_TEAM,2023-12-26
436127,1,1,19,12,6,AWAY_TEAM,2023-12-26
436130,1,1,19,8,2,HOME_TEAM,2023-12-26
436125,1,1,19,18,11,AWAY_TEAM,2023-12-27
436128,1,1,19,3,14,HOME_TEAM,2023-12-27
436129,1,1,19,4,7,AWAY_TEAM,2023-12-27
436126,1,1,19,17,10,HOME_TEAM,2023-12-28
436124,1,1,19,1,19,AWAY_TEAM,2023-12-28
436137,1,1,20,16,3,AWAY_TEAM,2023-12-30
436133,1,1,20,2,12,HOME_TEAM,2023-12-30
436134,1,1,20,14,18,HOME_TEAM,2023-12-30
436138,1,1,20,7,15,HOME_TEAM,2023-12-30
436142,1,1,20,11,4,HOME_TEAM,2023-12-30
436139,1,1,20,13,8,HOME_TEAM,2023-12-30
436135,1,1,20,5,1,HOME_TEAM,2023-12-31
436140,1,1,20,10,20,HOME_TEAM,2023-12-31
436136,1,1,20,6,9,HOME_TEAM,2024-01-01
436141,1,1,20,19,17,DRAW,2024-01-02
436147,1,1,21,12,16,DRAW,2024-01-12
436148,1,1,21,3,5,HOME_TEAM,2024-01-13
436151,1,1,21,9,7,AWAY_TEAM,2024-01-13
436149,1,1,21,4,2,DRAW,2024-01-14
436150,1,1,21,8,10,DRAW,2024-01-14
436144,1,1,21,1,14,HOME_TEAM,2024-01-20
436145,1,1,21,18,13,HOME_TEAM,2024-01-20
436152,1,1,21,15,19,DRAW,2024-01-21
436143,1,1,21,20,6,AWAY_TEAM,2024-01-21
436146,1,1,21,17,11,DRAW,2024-01-22
436153,1,1,22,13,1,AWAY_TEAM,2024-01-30
436155,1,1,22,16,17,HOME_TEAM,2024-01-30
436156,1,1,22,5,4,DRAW,2024-01-30
436157,1,1,22,14,15,HOME_TEAM,2024-01-30
436158,1,1,22,2,9,AWAY_TEAM,2024-01-30
436159,1,1,22,10,18,HOME_TEAM,2024-01-31
436161,1,1,22,7,12,HOME_TEAM,2024-01-31
436162,1,1,22,6,3,HOME_TEAM,2024-01-31
436154,1,1,22,19,20,DRAW,2024-02-01
436160,1,1,22,11,8,AWAY_TEAM,2024-02-01
436169,1,1,23,4,10,DRAW,2024-02-03
436166,1,1,23,17,14,HOME_TEAM,2024-02-03
436167,1,1,23,12,5,DRAW,2024-02-03
436171,1,1,23,9,16,DRAW,2024-02-03
436172,1,1,23,15,2,AWAY_TEAM,2024-02-03
436163,1,1,23,20,13,DRAW,2024-02-04
436168,1,1,23,3,11,AWAY_TEAM,2024-02-04
436170,1,1,23,8,19,HOME_TEAM,2024-02-04
436164,1,1,23,1,6,HOME_TEAM,2024-02-04
436165,1,1,23,18,7,AWAY_TEAM,2024-02-05
436178,1,1,24,7,4,HOME_TEAM,2024-02-10
436175,1,1,24,5,20,HOME_TEAM,2024-02-10
436176,1,1,24,6,12,HOME_TEAM,2024-02-10
436177,1,1,24,16,15,AWAY_TEAM,2024-02-10
436180,1,1,24,10,17,HOME_TEAM,2024-02-10
436182,1,1,24,11,18,AWAY_TEAM,2024-02-10
436179,1,1,24,13,9,AWAY_TEAM,2024-02-10
436181,1,1,24,19,1,AWAY_TEAM,2024-02-11
436173,1,1,24,2,8,AWAY_TEAM,2024-02-11
436174,1,1,24,14,3,AWAY_TEAM,2024-02-12
436183,1,1,25,18,6,AWAY_TEAM,2024-02-17
436184,1,1,25,12,1,AWAY_TEAM,2024-02-17
436186,1,1,25,5,2,AWAY_TEAM,2024-02-17
436189,1,1,25,9,20,DRAW,2024-02-17
436190,1,1,25,13,19,HOME_TEAM,2024-02-17
436192,1,1,25,10,11,AWAY_TEAM,2024-02-17
436188,1,1,25,7,3,DRAW,2024-02-17
436191,1,1,25,15,17,AWAY_TEAM,2024-02-18
436187,1,1,25,16,8,AWAY_TEAM,2024-02-18
436185,1,1,25,4,14,DRAW,2024-02-19
436118,1,1,18,7,18,HOME_TEAM,2024-02-20
436199,1,1,26,6,16,HOME_TEAM,2024-02-21
436195,1,1,26,2,13,HOME_TEAM,2024-02-24
436196,1,1,26,17,4,DRAW,2024-02-24
436198,1,1,26,14,12,HOME_TEAM,2024-02-24
436200,1,1,26,8,5,AWAY_TEAM,2024-02-24
436193,1,1,26,20,7,AWAY_TEAM,2024-02-24
436194,1,1,26,1,9,HOME_TEAM,2024-02-24
436202,1,1,26,11,15,HOME_TEAM,2024-02-25
436201,1,1,26,19,18,HOME_TEAM,2024-02-26
436203,1,1,27,18,3,DRAW,2024-03-02
436205,1,1,27,4,19,AWAY_TEAM,2024-03-02
436206,1,1,27,5,17,HOME_TEAM,2024-03-02
436209,1,1,27,9,11,HOME_TEAM,2024-03-02
436210,1,1,27,13,6,AWAY_TEAM,2024-03-02
436212,1,1,27,10,14,HOME_TEAM,2024-03-02
436207,1,1,27,16,2,AWAY_TEAM,2024-03-02
436204,1,1,27,12,20,AWAY_TEAM,2024-03-03
436208,1,1,27,7,8,HOME_TEAM,2024-03-03
436211,1,1,27,15,1,AWAY_TEAM,2024-03-04
436220,1,1,28,8,4,HOME_TEAM,2024-03-09
436213,1,1,28,20,15,DRAW,2024-03-09
436218,1,1,28,14,16,DRAW,2024-03-09
436222,1,1,28,11,5,HOME_TEAM,2024-03-09
436214,1,1,28,1,18,HOME_TEAM,2024-03-09
436215,1,1,28,2,10,AWAY_TEAM,2024-03-10
436216,1,1,28,17,13,HOME_TEAM,2024-03-10
436221,1,1,28,19,12,DRAW,2024-03-10
436219,1,1,28,6,7,DRAW,2024-03-10
436217,1,1,28,3,9,HOME_TEAM,2024-03-11
436103,1,1,17,20,16,HOME_TEAM,2024-03-13
436225,1,1,29,12,18,HOME_TEAM,2024-03-16
436229,1,1,29,16,13,DRAW,2024-03-16
436228,1,1,29,5,10,HOME_TEAM,2024-03-16
436231,1,1,29,19,2,DRAW,2024-03-17
436239,1,1,30,9,19,HOME_TEAM,2024-03-30
436233,1,1,30,20,4,HOME_TEAM,2024-03-30
436236,1,1,30,3,12,DRAW,2024-03-30
436240,1,1,30,13,14,DRAW,2024-03-30
436241,1,1,30,15,5,DRAW,2024-03-30
436242,1,1,30,10,16,HOME_TEAM,2024-03-30
436234,1,1,30,2,11,HOME_TEAM,2024-03-30
436235,1,1,30,18,8,DRAW,2024-03-30
436237,1,1,30,6,17,HOME_TEAM,2024-03-31
436238,1,1,30,7,1,DRAW,2024-03-31
436247,1,1,31,13,5,HOME_TEAM,2024-04-02
436250,1,1,31,9,4,DRAW,2024-04-02
436243,1,1,31,20,14,HOME_TEAM,2024-04-02
436246,1,1,31,12,11,DRAW,2024-04-02
436248,1,1,31,19,10,DRAW,2024-04-02
436244,1,1,31,1,16,HOME_TEAM,2024-04-03
436245,1,1,31,18,17,DRAW,2024-04-03
436252,1,1,31,7,2,HOME_TEAM,2024-04-03
436251,1,1,31,6,15,HOME_TEAM,2024-04-04
436249,1,1,31,3,8,HOME_TEAM,2024-04-04
436255,1,1,32,14,7,AWAY_TEAM,2024-04-06
436253,1,1,32,2,18,DRAW,2024-04-06
436256,1,1,32,4,12,HOME_TEAM,2024-04-06
436257,1,1,32,5,9,AWAY_TEAM,2024-04-06
436258,1,1,32,16,20,HOME_TEAM,2024-04-06
436262,1,1,32,11,19,AWAY_TEAM,2024-04-06
436254,1,1,32,17,1,AWAY_TEAM,2024-04-06
436259,1,1,32,8,6,DRAW,2024-04-07
436260,1,1,32,15,3,DRAW,2024-04-07
436261,1,1,32,10,13,HOME_TEAM,2024-04-07
436270,1,1,33,9,10,HOME_TEAM,2024-04-13
436265,1,1,33,18,15,HOME_TEAM,2024-04-13
436266,1,1,33,12,17,DRAW,2024-04-13
436269,1,1,33,7,16,HOME_TEAM,2024-04-13
436271,1,1,33,13,11,DRAW,2024-04-13
436263,1,1,33,20,8,DRAW,2024-04-13
436268,1,1,33,6,14,AWAY_TEAM,2024-04-14
436272,1,1,33,19,5,AWAY_TEAM,2024-04-14
436264,1,1,33,1,2,AWAY_TEAM,2024-04-14
436267,1,1,33,3,4,HOME_TEAM,2024-04-15
436278,1,1,34,16,18,AWAY_TEAM,2024-04-20
436280,1,1,34,15,12,AWAY_TEAM,2024-04-20
436282,1,1,34,11,1,AWAY_TEAM,2024-04-20
436276,1,1,34,4,13,HOME_TEAM,2024-04-21
436273,1,1,34,2,20,HOME_TEAM,2024-04-21
436275,1,1,34,14,19,HOME_TEAM,2024-04-21
436277,1,1,34,5,6,AWAY_TEAM,2024-04-21
436223,1,1,29,1,3,HOME_TEAM,2024-04-23
436232,1,1,29,11,20,AWAY_TEAM,2024-04-24
436226,1,1,29,14,9,HOME_TEAM,2024-04-24
436227,1,1,29,4,6,HOME_TEAM,2024-04-24
436230,1,1,29,8,15,HOME_TEAM,2024-04-24
436224,1,1,29,17,7,AWAY_TEAM,2024-04-25
436291,1,1,35,19,6,DRAW,2024-04-27
436286,1,1,35,5,14,DRAW,2024-04-27
436287,1,1,35,8,12,DRAW,2024-04-27
436288,1,1,35,9,15,HOME_TEAM,2024-04-27
436292,1,1,35,11,16,HOME_TEAM,2024-04-27
436285,1,1,35,4,18,HOME_TEAM,2024-04-27
436284,1,1,35,2,3,DRAW,2024-04-27
436283,1,1,35,20,17,HOME_TEAM,2024-04-28
436290,1,1,35,10,1,AWAY_TEAM,2024-04-28
436289,1,1,35,13,7,AWAY_TEAM,2024-04-28
436197,1,1,26,3,10,HOME_TEAM,2024-05-02
436300,1,1,36,16,4,DRAW,2024-05-03
436293,1,1,36,1,20,HOME_TEAM,2024-05-04
436294,1,1,36,18,5,DRAW,2024-05-04
436296,1,1,36,12,9,AWAY_TEAM,2024-05-04
436302,1,1,36,15,13,AWAY_TEAM,2024-05-04
436301,1,1,36,7,11,HOME_TEAM,2024-05-04
436295,1,1,36,17,2,HOME_TEAM,2024-05-05
436297,1,1,36,3,19,HOME_TEAM,2024-05-05
436299,1,1,36,6,10,HOME_TEAM,2024-05-05
436298,1,1,36,14,8,HOME_TEAM,2024-05-06
436306,1,1,37,5,7,AWAY_TEAM,2024-05-11
436303,1,1,37,20,18,AWAY_TEAM,2024-05-11
436305,1,1,37,4,15,HOME_TEAM,2024-05-11
436308,1,1,37,9,17,DRAW,2024-05-11
436310,1,1,37,10,12,HOME_TEAM,2024-05-11
436311,1,1,37,19,16,HOME_TEAM,2024-05-11
436312,1,1,37,11,14,AWAY_TEAM,2024-05-11
436309,1,1,37,13,3,AWAY_TEAM,2024-05-11
436307,1,1,37,8,1,AWAY_TEAM,2024-05-12
436304,1,1,37,2,6,DRAW,2024-05-13
436281,1,1,34,10,7,AWAY_TEAM,2024-05-14
436274,1,1,34,17,3,AWAY_TEAM,2024-05-15
436279,1,1,34,8,9,HOME_TEAM,2024-05-15
436313,1,1,38,1,4,HOME_TEAM,2024-05-19
436314,1,1,38,18,9,AWAY_TEAM,2024-05-19
436315,1,1,38,17,8,AWAY_TEAM,2024-05-19
436316,1,1,38,12,13,AWAY_TEAM,2024-05-19
436317,1,1,38,3,20,HOME_TEAM,2024-05-19
436318,1,1,38,14,2,HOME_TEAM,2024-05-19
436319,1,1,38,6,11,HOME_TEAM,2024-05-19
436320,1,1,38,16,5,AWAY_TEAM,2024-05-19
436321,1,1,38,7,19,HOME_TEAM,2024-05-19
436322,1,1,38,15,10,AWAY_TEAM,2024-05-19
444255,2,2,1,33,34,AWAY_TEAM,2023-08-19
444256,2,2,1,36,31,AWAY_TEAM,2023-08-19
444257,2,2,1,27,22,AWAY_TEAM,2023-08-19
444258,2,2,1,28,40,HOME_TEAM,2023-08-19
444260,2,2,1,23,35,DRAW,2023-08-20
444261,2,2,1,37,24,AWAY_TEAM,2023-08-20
444259,2,2,1,39,30,HOME_TEAM,2023-08-20
444263,2,2,1,32,29,AWAY_TEAM,2023-08-20
444262,2,2,1,38,26,DRAW,2023-08-21
444254,2,2,1,25,21,AWAY_TEAM,2023-08-21
444266,2,2,2,36,24,HOME_TEAM,2023-08-26
444271,2,2,2,40,33,HOME_TEAM,2023-08-26
444267,2,2,2,34,23,HOME_TEAM,2023-08-26
444270,2,2,2,21,38,HOME_TEAM,2023-08-26
444265,2,2,2,22,39,DRAW,2023-08-27
444268,2,2,2,29,25,DRAW,2023-08-27
444269,2,2,2,30,27,AWAY_TEAM,2023-08-27
444272,2,2,2,31,37,HOME_TEAM,2023-08-27
444273,2,2,2,35,32,DRAW,2023-08-28
444264,2,2,2,26,28,AWAY_TEAM,2023-08-28
444281,2,2,3,37,34,HOME_TEAM,2023-09-01
444280,2,2,3,23,21,AWAY_TEAM,2023-09-01
444275,2,2,3,25,26,HOME_TEAM,2023-09-02
444283,2,2,3,32,36,DRAW,2023-09-02
444274,2,2,3,24,40,HOME_TEAM,2023-09-02
444279,2,2,3,31,30,AWAY_TEAM,2023-09-02
444277,2,2,3,28,22,HOME_TEAM,2023-09-03
444282,2,2,3,38,27,HOME_TEAM,2023-09-03
444276,2,2,3,33,29,AWAY_TEAM,2023-09-03
444278,2,2,3,39,35,HOME_TEAM,2023-09-03
444290,2,2,4,29,30,HOME_TEAM,2023-09-16
444289,2,2,4,28,21,HOME_TEAM,2023-09-16
444287,2,2,4,27,31,DRAW,2023-09-16
444284,2,2,4,26,32,DRAW,2023-09-17
444286,2,2,4,36,37,HOME_TEAM,2023-09-17
444291,2,2,4,40,39,DRAW,2023-09-17
444285,2,2,4,22,24,HOME_TEAM,2023-09-17
444292,2,2,4,23,33,HOME_TEAM,2023-09-17
444293,2,2,4,35,38,AWAY_TEAM,2023-09-18
444288,2,2,4,34,25,DRAW,2023-09-18
444300,2,2,5,35,36,DRAW,2023-09-22
444298,2,2,5,39,27,HOME_TEAM,2023-09-22
444299,2,2,5,21,34,HOME_TEAM,2023-09-23
444301,2,2,5,37,29,HOME_TEAM,2023-09-23
444297,2,2,5,30,40,DRAW,2023-09-23
444296,2,2,5,33,28,AWAY_TEAM,2023-09-24
444294,2,2,5,24,26,HOME_TEAM,2023-09-24
444303,2,2,5,32,22,AWAY_TEAM,2023-09-24
444295,2,2,5,25,31,DRAW,2023-09-24
444302,2,2,5,38,23,DRAW,2023-09-24
444310,2,2,6,29,39,HOME_TEAM,2023-09-26
444304,2,2,6,26,21,AWAY_TEAM,2023-09-27
444305,2,2,6,33,35,HOME_TEAM,2023-09-27
444308,2,2,6,34,24,AWAY_TEAM,2023-09-27
444309,2,2,6,28,37,AWAY_TEAM,2023-09-27
444311,2,2,6,30,38,HOME_TEAM,2023-09-27
444313,2,2,6,31,32,HOME_TEAM,2023-09-27
444306,2,2,6,36,22,DRAW,2023-09-28
444312,2,2,6,40,25,DRAW,2023-09-28
444307,2,2,6,27,23,HOME_TEAM,2023-09-28
444317,2,2,7,39,31,AWAY_TEAM,2023-09-30
444318,2,2,7,21,30,HOME_TEAM,2023-09-30
444320,2,2,7,35,28,AWAY_TEAM,2023-09-30
444315,2,2,7,25,33,HOME_TEAM,2023-10-01
444323,2,2,7,32,27,DRAW,2023-10-01
444314,2,2,7,24,29,DRAW,2023-10-01
444319,2,2,7,23,36,HOME_TEAM,2023-10-01
444321,2,2,7,37,40,AWAY_TEAM,2023-10-02
444322,2,2,7,38,34,DRAW,2023-10-02
444316,2,2,7,22,26,HOME_TEAM,2023-10-02
444325,2,2,8,33,32,DRAW,2023-10-06
444331,2,2,8,39,37,DRAW,2023-10-06
444328,2,2,8,28,25,DRAW,2023-10-07
444329,2,2,8,29,38,HOME_TEAM,2023-10-07
444327,2,2,8,27,21,AWAY_TEAM,2023-10-07
444332,2,2,8,40,35,HOME_TEAM,2023-10-08
444326,2,2,8,36,34,HOME_TEAM,2023-10-08
444330,2,2,8,30,24,HOME_TEAM,2023-10-08
444324,2,2,8,26,23,AWAY_TEAM,2023-10-08
444333,2,2,8,31,22,AWAY_TEAM,2023-10-08
444337,2,2,9,34,31,AWAY_TEAM,2023-10-21
444342,2,2,9,38,28,AWAY_TEAM,2023-10-21
444341,2,2,9,37,30,AWAY_TEAM,2023-10-21
444339,2,2,9,23,40,HOME_TEAM,2023-10-22
444335,2,2,9,25,36,HOME_TEAM,2023-10-22
444340,2,2,9,35,26,DRAW,2023-10-22
444334,2,2,9,24,27,HOME_TEAM,2023-10-22
444338,2,2,9,21,29,AWAY_TEAM,2023-10-22
444343,2,2,9,32,39,DRAW,2023-10-23
444336,2,2,9,22,33,AWAY_TEAM,2023-10-23
444346,2,2,10,27,35,HOME_TEAM,2023-10-27
444353,2,2,10,37,25,DRAW,2023-10-28
444350,2,2,10,39,38,AWAY_TEAM,2023-10-28
444348,2,2,10,29,34,HOME_TEAM,2023-10-28
444344,2,2,10,26,36,HOME_TEAM,2023-10-29
444351,2,2,10,40,32,DRAW,2023-10-29
444347,2,2,10,28,23,HOME_TEAM,2023-10-29
444352,2,2,10,31,21,DRAW,2023-10-29
444345,2,2,10,33,24,AWAY_TEAM,2023-10-30
444349,2,2,10,30,22,HOME_TEAM,2023-10-30
444355,2,2,11,25,30,HOME_TEAM,2023-11-03
444362,2,2,11,35,31,AWAY_TEAM,2023-11-04
444354,2,2,11,24,28,AWAY_TEAM,2023-11-04
444360,2,2,11,21,32,AWAY_TEAM,2023-11-04
444359,2,2,11,34,40,AWAY_TEAM,2023-11-05
444356,2,2,11,26,27,HOME_TEAM,2023-11-05
444361,2,2,11,23,39,HOME_TEAM,2023-11-05
444357,2,2,11,22,29,AWAY_TEAM,2023-11-05
444358,2,2,11,36,33,HOME_TEAM,2023-11-06
444363,2,2,11,38,37,HOME_TEAM,2023-11-06
444372,2,2,12,37,35,DRAW,2023-11-10
444365,2,2,12,27,34,HOME_TEAM,2023-11-10
444369,2,2,12,39,21,DRAW,2023-11-11
444367,2,2,12,29,26,HOME_TEAM,2023-11-11
444370,2,2,12,40,38,DRAW,2023-11-11
444371,2,2,12,31,33,AWAY_TEAM,2023-11-12
444364,2,2,12,22,25,HOME_TEAM,2023-11-12
444373,2,2,12,32,24,DRAW,2023-11-12
444368,2,2,12,30,23,DRAW,2023-11-12
444366,2,2,12,28,36,HOME_TEAM,2023-11-12
444383,2,2,13,35,30,HOME_TEAM,2023-11-25
444374,2,2,13,24,31,AWAY_TEAM,2023-11-25
444381,2,2,13,21,22,HOME_TEAM,2023-11-25
444376,2,2,13,26,40,DRAW,2023-11-26
444377,2,2,13,33,37,AWAY_TEAM,2023-11-26
444378,2,2,13,36,27,HOME_TEAM,2023-11-26
444382,2,2,13,23,32,HOME_TEAM,2023-11-26
444380,2,2,13,29,28,DRAW,2023-11-26
444379,2,2,13,34,39,DRAW,2023-11-27
444375,2,2,13,25,38,HOME_TEAM,2023-11-27
444389,2,2,14,40,29,AWAY_TEAM,2023-12-01
444385,2,2,14,27,33,DRAW,2023-12-02
444386,2,2,14,30,26,HOME_TEAM,2023-12-02
444388,2,2,14,21,36,HOME_TEAM,2023-12-02
444387,2,2,14,39,25,DRAW,2023-12-03
444384,2,2,14,22,35,HOME_TEAM,2023-12-03
444393,2,2,14,32,34,DRAW,2023-12-03
444391,2,2,14,37,23,AWAY_TEAM,2023-12-03
444390,2,2,14,31,28,AWAY_TEAM,2023-12-03
444392,2,2,14,38,24,HOME_TEAM,2023-12-04
444400,2,2,15,29,31,HOME_TEAM,2023-12-08
444398,2,2,15,34,30,DRAW,2023-12-09
444394,2,2,15,24,21,HOME_TEAM,2023-12-09
444399,2,2,15,28,32,HOME_TEAM,2023-12-09
444397,2,2,15,36,38,DRAW,2023-12-10
444401,2,2,15,40,27,HOME_TEAM,2023-12-10
444403,2,2,15,35,25,AWAY_TEAM,2023-12-10
444402,2,2,15,23,22,DRAW,2023-12-10
444396,2,2,15,33,39,DRAW,2023-12-11
444395,2,2,15,26,37,HOME_TEAM,2023-12-11
444407,2,2,16,27,29,DRAW,2023-12-15
444409,2,2,16,39,36,HOME_TEAM,2023-12-16
444411,2,2,16,31,26,HOME_TEAM,2023-12-16
444412,2,2,16,38,33,HOME_TEAM,2023-12-16
444410,2,2,16,21,40,HOME_TEAM,2023-12-17
444406,2,2,16,22,34,HOME_TEAM,2023-12-17
444413,2,2,16,32,37,DRAW,2023-12-17
444405,2,2,16,25,23,HOME_TEAM,2023-12-17
444408,2,2,16,30,28,AWAY_TEAM,2023-12-17
444404,2,2,16,24,35,HOME_TEAM,2023-12-18
444422,2,2,17,37,27,AWAY_TEAM,2023-12-22
444415,2,2,17,33,30,AWAY_TEAM,2023-12-22
444419,2,2,17,40,22,AWAY_TEAM,2023-12-22
444421,2,2,17,35,21,DRAW,2023-12-22
444416,2,2,17,36,29,AWAY_TEAM,2023-12-23
444423,2,2,17,38,32,DRAW,2023-12-23
444414,2,2,17,25,24,HOME_TEAM,2023-12-23
444417,2,2,17,34,26,HOME_TEAM,2023-12-23
444418,2,2,17,28,39,HOME_TEAM,2023-12-23
444420,2,2,17,23,31,HOME_TEAM,2023-12-23
444426,2,2,18,22,38,HOME_TEAM,2023-12-29
444432,2,2,18,31,40,DRAW,2023-12-29
444427,2,2,18,27,28,DRAW,2023-12-29
444430,2,2,18,30,36,HOME_TEAM,2023-12-29
444424,2,2,18,24,39,HOME_TEAM,2023-12-30
444425,2,2,18,26,33,DRAW,2023-12-30
444433,2,2,18,32,25,HOME_TEAM,2023-12-30
444428,2,2,18,34,35,AWAY_TEAM,2023-12-30
444431,2,2,18,21,37,HOME_TEAM,2023-12-30
444429,2,2,18,29,23,HOME_TEAM,2023-12-30
444434,2,2,19,25,27,DRAW,2024-01-05
444437,2,2,19,28,34,HOME_TEAM,2024-01-06
444436,2,2,19,36,40,AWAY_TEAM,2024-01-06
444438,2,2,19,39,26,DRAW,2024-01-06
444441,2,2,19,37,22,HOME_TEAM,2024-01-06
444435,2,2,19,33,21,AWAY_TEAM,2024-01-07
444442,2,2,19,38,31,HOME_TEAM,2024-01-07
444443,2,2,19,32,30,AWAY_TEAM,2024-01-07
444440,2,2,19,35,29,AWAY_TEAM,2024-01-07
444439,2,2,19,23,24,DRAW,2024-01-07
444447,2,2,20,27,38,DRAW,2024-01-13
444453,2,2,20,31,35,HOME_TEAM,2024-01-13
444448,2,2,20,34,33,HOME_TEAM,2024-01-13
444452,2,2,20,40,28,AWAY_TEAM,2024-01-13
444450,2,2,20,30,39,HOME_TEAM,2024-01-14
444445,2,2,20,26,25,HOME_TEAM,2024-01-14
444446,2,2,20,22,32,DRAW,2024-01-14
444451,2,2,20,21,23,HOME_TEAM,2024-01-14
444444,2,2,20,24,36,HOME_TEAM,2024-01-15
444449,2,2,20,29,37,HOME_TEAM,2024-01-16
444459,2,2,21,23,34,HOME_TEAM,2024-01-20
444463,2,2,21,32,21,AWAY_TEAM,2024-01-20
444456,2,2,21,36,26,HOME_TEAM,2024-01-21
444455,2,2,21,33,40,HOME_TEAM,2024-01-21
444460,2,2,21,35,27,AWAY_TEAM,2024-01-21
444458,2,2,21,39,29,AWAY_TEAM,2024-01-21
444465,2,2,22,26,38,AWAY_TEAM,2024-01-26
444464,2,2,22,24,32,HOME_TEAM,2024-01-27
444469,2,2,22,29,33,DRAW,2024-01-27
444471,2,2,22,21,25,DRAW,2024-01-27
444467,2,2,22,27,39,HOME_TEAM,2024-01-28
444468,2,2,22,34,36,DRAW,2024-01-28
444472,2,2,22,40,37,HOME_TEAM,2024-01-28
444470,2,2,22,30,31,DRAW,2024-01-28
444466,2,2,22,22,28,AWAY_TEAM,2024-01-28
444473,2,2,22,35,23,AWAY_TEAM,2024-01-29
444479,2,2,23,39,22,HOME_TEAM,2024-02-02
444476,2,2,23,33,27,DRAW,2024-02-03
444483,2,2,23,32,40,DRAW,2024-02-03
444477,2,2,23,36,21,AWAY_TEAM,2024-02-03
444475,2,2,23,25,37,HOME_TEAM,2024-02-03
444482,2,2,23,38,35,DRAW,2024-02-04
444480,2,2,23,31,34,HOME_TEAM,2024-02-04
444474,2,2,23,24,30,HOME_TEAM,2024-02-04
444478,2,2,23,28,29,HOME_TEAM,2024-02-04
444481,2,2,23,23,26,HOME_TEAM,2024-02-05
444492,2,2,24,35,33,AWAY_TEAM,2024-02-09
444485,2,2,24,26,30,AWAY_TEAM,2024-02-10
444491,2,2,24,23,28,AWAY_TEAM,2024-02-10
444493,2,2,24,37,38,DRAW,2024-02-10
444486,2,2,24,22,36,HOME_TEAM,2024-02-11
444484,2,2,24,25,39,HOME_TEAM,2024-02-11
444490,2,2,24,40,34,DRAW,2024-02-11
444487,2,2,24,27,24,AWAY_TEAM,2024-02-11
444489,2,2,24,21,31,HOME_TEAM,2024-02-11
444488,2,2,24,29,32,AWAY_TEAM,2024-02-12
444454,2,2,21,25,22,HOME_TEAM,2024-02-14
444502,2,2,25,38,39,HOME_TEAM,2024-02-16
444498,2,2,25,28,35,HOME_TEAM,2024-02-16
444501,2,2,25,31,27,DRAW,2024-02-17
444497,2,2,25,34,29,DRAW,2024-02-17
444494,2,2,25,24,37,HOME_TEAM,2024-02-17
444499,2,2,25,30,25,AWAY_TEAM,2024-02-18
444495,2,2,25,33,22,DRAW,2024-02-18
444503,2,2,25,32,26,DRAW,2024-02-18
444496,2,2,25,36,23,AWAY_TEAM,2024-02-18
444500,2,2,25,40,21,HOME_TEAM,2024-02-18
444462,2,2,21,38,30,AWAY_TEAM,2024-02-22
444504,2,2,26,25,34,HOME_TEAM,2024-02-23
444513,2,2,26,37,33,AWAY_TEAM,2024-02-24
444512,2,2,26,35,40,AWAY_TEAM,2024-02-24
444507,2,2,26,27,32,HOME_TEAM,2024-02-24
444508,2,2,26,29,36,HOME_TEAM,2024-02-25
444505,2,2,26,26,31,DRAW,2024-02-25
444509,2,2,26,39,28,AWAY_TEAM,2024-02-25
444510,2,2,26,21,24,DRAW,2024-02-25
444511,2,2,26,23,38,HOME_TEAM,2024-02-26
444506,2,2,26,22,30,HOME_TEAM,2024-02-26
444461,2,2,21,37,31,AWAY_TEAM,2024-02-28
444457,2,2,21,28,24,HOME_TEAM,2024-02-28
444519,2,2,27,30,21,AWAY_TEAM,2024-03-01
444523,2,2,27,32,35,DRAW,2024-03-02
444520,2,2,27,40,23,AWAY_TEAM,2024-03-02
444522,2,2,27,38,22,DRAW,2024-03-02
444517,2,2,27,34,37,HOME_TEAM,2024-03-03
444515,2,2,27,33,26,AWAY_TEAM,2024-03-03
444516,2,2,27,36,39,DRAW,2024-03-03
444514,2,2,27,24,25,AWAY_TEAM,2024-03-03
444521,2,2,27,31,29,HOME_TEAM,2024-03-03
444518,2,2,27,28,27,HOME_TEAM,2024-03-04
444532,2,2,28,31,38,DRAW,2024-03-08
444525,2,2,28,26,35,HOME_TEAM,2024-03-09
444533,2,2,28,37,36,HOME_TEAM,2024-03-09
444524,2,2,28,25,28,AWAY_TEAM,2024-03-09
444527,2,2,28,27,40,AWAY_TEAM,2024-03-09
444530,2,2,28,39,34,AWAY_TEAM,2024-03-10
444531,2,2,28,21,33,HOME_TEAM,2024-03-10
444528,2,2,28,29,24,DRAW,2024-03-10
444526,2,2,28,22,23,DRAW,2024-03-10
444529,2,2,28,30,32,AWAY_TEAM,2024-03-11
444535,2,2,29,33,25,AWAY_TEAM,2024-03-15
444540,2,2,29,40,26,HOME_TEAM,2024-03-16
444543,2,2,29,32,38,AWAY_TEAM,2024-03-16
444542,2,2,29,35,39,AWAY_TEAM,2024-03-16
444536,2,2,29,36,30,AWAY_TEAM,2024-03-16
444539,2,2,29,29,27,DRAW,2024-03-17
444537,2,2,29,34,21,AWAY_TEAM,2024-03-17
444541,2,2,29,23,37,HOME_TEAM,2024-03-17
444538,2,2,29,28,31,DRAW,2024-03-17
444551,2,2,30,31,24,AWAY_TEAM,2024-03-30
444547,2,2,30,27,36,DRAW,2024-03-30
444553,2,2,30,38,40,HOME_TEAM,2024-03-30
444549,2,2,30,30,29,HOME_TEAM,2024-03-30
444546,2,2,30,22,21,AWAY_TEAM,2024-03-30
444544,2,2,30,25,35,HOME_TEAM,2024-04-01
444545,2,2,30,26,34,DRAW,2024-04-01
444552,2,2,30,37,32,DRAW,2024-04-01
444550,2,2,30,39,23,DRAW,2024-04-01
444548,2,2,30,28,33,HOME_TEAM,2024-04-01
444562,2,2,31,35,37,DRAW,2024-04-05
444559,2,2,31,21,39,HOME_TEAM,2024-04-06
444561,2,2,31,23,30,HOME_TEAM,2024-04-06
444555,2,2,31,33,38,HOME_TEAM,2024-04-06
444556,2,2,31,36,25,DRAW,2024-04-07
444560,2,2,31,40,31,AWAY_TEAM,2024-04-07
444554,2,2,31,26,24,HOME_TEAM,2024-04-07
444557,2,2,31,34,27,AWAY_TEAM,2024-04-07
444558,2,2,31,29,22,HOME_TEAM,2024-04-07
444563,2,2,31,32,28,AWAY_TEAM,2024-04-08
444568,2,2,32,30,35,HOME_TEAM,2024-04-12
444569,2,2,32,39,33,HOME_TEAM,2024-04-13
444572,2,2,32,38,29,DRAW,2024-04-13
444565,2,2,32,25,40,DRAW,2024-04-13
444570,2,2,32,31,36,DRAW,2024-04-14
444571,2,2,32,37,21,DRAW,2024-04-14
444567,2,2,32,28,26,DRAW,2024-04-14
444566,2,2,32,22,27,DRAW,2024-04-15
444564,2,2,32,24,34,DRAW,2024-04-15
444576,2,2,33,27,30,AWAY_TEAM,2024-04-19
444574,2,2,33,26,29,DRAW,2024-04-19
444575,2,2,33,33,31,HOME_TEAM,2024-04-20
444577,2,2,33,34,32,HOME_TEAM,2024-04-20
444582,2,2,33,37,39,AWAY_TEAM,2024-04-21
444583,2,2,33,38,36,DRAW,2024-04-21
444581,2,2,33,35,22,AWAY_TEAM,2024-04-21
444579,2,2,33,40,24,AWAY_TEAM,2024-04-21
444580,2,2,33,23,25,AWAY_TEAM,2024-04-22
444578,2,2,33,21,28,AWAY_TEAM,2024-04-22
444573,2,2,32,32,23,AWAY_TEAM,2024-04-25
444587,2,2,34,36,35,HOME_TEAM,2024-04-26
444592,2,2,34,39,40,DRAW,2024-04-27
444590,2,2,34,29,21,DRAW,2024-04-27
444591,2,2,34,30,34,HOME_TEAM,2024-04-27
444589,2,2,34,28,38,HOME_TEAM,2024-04-28
444585,2,2,34,25,32,DRAW,2024-04-28
444584,2,2,34,24,33,HOME_TEAM,2024-04-28
444593,2,2,34,31,23,DRAW,2024-04-28
444586,2,2,34,22,37,HOME_TEAM,2024-04-28
444588,2,2,34,27,26,HOME_TEAM,2024-04-29
444602,2,2,35,38,25,DRAW,2024-05-03
444598,2,2,35,40,30,DRAW,2024-05-04
444601,2,2,35,37,28,HOME_TEAM,2024-05-04
444594,2,2,35,26,39,DRAW,2024-05-05
444595,2,2,35,33,36,DRAW,2024-05-05
444596,2,2,35,34,22,HOME_TEAM,2024-05-05
444597,2,2,35,21,27,DRAW,2024-05-05
444599,2,2,35,23,29,DRAW,2024-05-05
444600,2,2,35,35,24,AWAY_TEAM,2024-05-06
444603,2,2,35,32,31,DRAW,2024-05-06
444606,2,2,36,36,28,AWAY_TEAM,2024-05-10
444613,2,2,36,31,25,AWAY_TEAM,2024-05-11
444612,2,2,36,21,26,HOME_TEAM,2024-05-11
444610,2,2,36,30,33,HOME_TEAM,2024-05-12
444607,2,2,36,27,37,HOME_TEAM,2024-05-12
444608,2,2,36,34,38,AWAY_TEAM,2024-05-12
444609,2,2,36,29,35,DRAW,2024-05-12
444604,2,2,36,24,23,HOME_TEAM,2024-05-12
444611,2,2,36,39,32,AWAY_TEAM,2024-05-13
444605,2,2,36,22,40,HOME_TEAM,2024-05-13
444615,2,2,37,22,31,DRAW,2024-05-17
444617,2,2,37,39,24,AWAY_TEAM,2024-05-18
444622,2,2,37,38,21,HOME_TEAM,2024-05-18
444621,2,2,37,37,26,AWAY_TEAM,2024-05-19
444618,2,2,37,40,36,AWAY_TEAM,2024-05-19
444623,2,2,37,32,33,DRAW,2024-05-19
444616,2,2,37,28,30,DRAW,2024-05-19
444619,2,2,37,23,27,HOME_TEAM,2024-05-19
444620,2,2,37,35,34,AWAY_TEAM,2024-05-20
444614,2,2,37,25,29,DRAW,2024-05-20
444625,2,2,38,26,22,AWAY_TEAM,2024-05-23
444628,2,2,38,27,25,HOME_TEAM,2024-05-24
444630,2,2,38,29,40,HOME_TEAM,2024-05-25
444632,2,2,38,21,35,DRAW,2024-05-25
444624,2,2,38,24,38,HOME_TEAM,2024-05-26
444633,2,2,38,31,39,DRAW,2024-05-26
444626,2,2,38,33,23,HOME_TEAM,2024-05-26
444627,2,2,38,36,32,AWAY_TEAM,2024-05-26
444629,2,2,38,34,28,DRAW,2024-05-26
444631,2,2,38,30,37,DRAW,2024-05-26
444534,2,2,29,24,22,AWAY_TEAM,2024-06-02
438482,3,3,1,56,48,AWAY_TEAM,2023-08-11
438479,3,3,1,60,53,AWAY_TEAM,2023-08-11
438481,3,3,1,51,58,DRAW,2023-08-12
438483,3,3,1,57,49,DRAW,2023-08-12
438474,3,3,1,41,47,AWAY_TEAM,2023-08-12
438476,3,3,1,59,43,AWAY_TEAM,2023-08-13
438480,3,3,1,52,50,AWAY_TEAM,2023-08-13
438478,3,3,1,45,44,DRAW,2023-08-13
438477,3,3,1,55,54,HOME_TEAM,2023-08-14
438475,3,3,1,42,46,HOME_TEAM,2023-08-14
438491,3,3,2,49,52,AWAY_TEAM,2023-08-18
438490,3,3,2,53,57,HOME_TEAM,2023-08-18
438492,3,3,2,51,59,DRAW,2023-08-19
438493,3,3,2,56,47,AWAY_TEAM,2023-08-19
438485,3,3,2,43,41,AWAY_TEAM,2023-08-19
438488,3,3,2,58,45,HOME_TEAM,2023-08-20
438487,3,3,2,44,55,HOME_TEAM,2023-08-20
438484,3,3,2,50,42,DRAW,2023-08-20
438486,3,3,2,54,60,HOME_TEAM,2023-08-21
438489,3,3,2,46,48,AWAY_TEAM,2023-08-21
438503,3,3,3,57,51,DRAW,2023-08-25
438495,3,3,3,59,47,AWAY_TEAM,2023-08-25
438496,3,3,3,55,56,DRAW,2023-08-26
438498,3,3,3,46,49,HOME_TEAM,2023-08-26
438499,3,3,3,60,58,AWAY_TEAM,2023-08-26
438501,3,3,3,52,44,AWAY_TEAM,2023-08-27
438500,3,3,3,53,43,AWAY_TEAM,2023-08-27
438494,3,3,3,41,50,HOME_TEAM,2023-08-27
438497,3,3,3,45,54,HOME_TEAM,2023-08-28
438502,3,3,3,48,42,AWAY_TEAM,2023-08-28
438508,3,3,4,55,52,HOME_TEAM,2023-09-01
438513,3,3,4,56,59,AWAY_TEAM,2023-09-01
438512,3,3,4,51,46,HOME_TEAM,2023-09-02
438511,3,3,4,47,45,HOME_TEAM,2023-09-02
438507,3,3,4,54,53,HOME_TEAM,2023-09-02
438505,3,3,4,50,48,HOME_TEAM,2023-09-02
438509,3,3,4,58,57,HOME_TEAM,2023-09-03
438510,3,3,4,49,41,DRAW,2023-09-03
438506,3,3,4,43,44,AWAY_TEAM,2023-09-03
438522,3,3,5,48,54,HOME_TEAM,2023-09-15
438514,3,3,5,41,55,HOME_TEAM,2023-09-16
438520,3,3,5,53,42,HOME_TEAM,2023-09-16
438515,3,3,5,59,49,AWAY_TEAM,2023-09-16
438516,3,3,5,44,50,HOME_TEAM,2023-09-16
438517,3,3,5,45,43,HOME_TEAM,2023-09-17
438521,3,3,5,52,56,HOME_TEAM,2023-09-17
438519,3,3,5,60,57,HOME_TEAM,2023-09-17
438523,3,3,5,47,51,HOME_TEAM,2023-09-17
438518,3,3,5,46,58,AWAY_TEAM,2023-09-18
438527,3,3,6,54,41,AWAY_TEAM,2023-09-22
438529,3,3,6,58,49,HOME_TEAM,2023-09-23
438526,3,3,6,43,60,DRAW,2023-09-23
438528,3,3,6,44,59,HOME_TEAM,2023-09-23
438532,3,3,6,56,53,DRAW,2023-09-23
438531,3,3,6,51,45,HOME_TEAM,2023-09-24
438530,3,3,6,48,52,DRAW,2023-09-24
438533,3,3,6,57,46,HOME_TEAM,2023-09-24
438525,3,3,6,50,55,DRAW,2023-09-24
438524,3,3,6,42,47,HOME_TEAM,2023-09-24
438539,3,3,7,60,56,HOME_TEAM,2023-09-26
438542,3,3,7,49,44,DRAW,2023-09-26
438534,3,3,7,41,45,DRAW,2023-09-27
438541,3,3,7,52,58,AWAY_TEAM,2023-09-27
438543,3,3,7,47,57,HOME_TEAM,2023-09-27
438537,3,3,7,55,48,DRAW,2023-09-27
438540,3,3,7,53,51,AWAY_TEAM,2023-09-27
438536,3,3,7,59,54,DRAW,2023-09-28
438538,3,3,7,46,50,DRAW,2023-09-28
438535,3,3,7,43,42,AWAY_TEAM,2023-09-28
438547,3,3,8,44,60,HOME_TEAM,2023-09-29
438548,3,3,8,45,52,DRAW,2023-09-30
438550,3,3,8,48,49,DRAW,2023-09-30
438549,3,3,8,58,47,AWAY_TEAM,2023-09-30
438551,3,3,8,51,41,HOME_TEAM,2023-09-30
438552,3,3,8,56,46,DRAW,2023-10-01
438546,3,3,8,54,43,AWAY_TEAM,2023-10-01
438544,3,3,8,42,55,HOME_TEAM,2023-10-01
438545,3,3,8,50,53,HOME_TEAM,2023-10-01
438553,3,3,8,57,59,HOME_TEAM,2023-10-02
438554,3,3,9,41,56,HOME_TEAM,2023-10-06
438558,3,3,9,55,58,AWAY_TEAM,2023-10-07
438563,3,3,9,47,43,HOME_TEAM,2023-10-07
438562,3,3,9,49,53,DRAW,2023-10-07
438560,3,3,9,60,48,DRAW,2023-10-07
438561,3,3,9,52,57,AWAY_TEAM,2023-10-08
438555,3,3,9,42,51,HOME_TEAM,2023-10-08
438556,3,3,9,59,45,DRAW,2023-10-08
438557,3,3,9,54,50,DRAW,2023-10-08
438559,3,3,9,46,44,DRAW,2023-10-08
438564,3,3,10,43,46,HOME_TEAM,2023-10-20
438572,3,3,10,51,49,HOME_TEAM,2023-10-21
438567,3,3,10,45,50,DRAW,2023-10-21
438569,3,3,10,60,47,DRAW,2023-10-21
438565,3,3,10,59,42,AWAY_TEAM,2023-10-21
438573,3,3,10,57,48,AWAY_TEAM,2023-10-22
438568,3,3,10,58,56,HOME_TEAM,2023-10-22
438571,3,3,10,52,54,DRAW,2023-10-22
438566,3,3,10,44,41,HOME_TEAM,2023-10-22
438570,3,3,10,53,55,HOME_TEAM,2023-10-23
438579,3,3,11,58,59,HOME_TEAM,2023-10-27
438583,3,3,11,56,57,AWAY_TEAM,2023-10-28
438577,3,3,11,44,47,AWAY_TEAM,2023-10-28
438582,3,3,11,49,45,DRAW,2023-10-28
438578,3,3,11,55,60,DRAW,2023-10-28
438576,3,3,11,50,43,HOME_TEAM,2023-10-29
438581,3,3,11,48,51,DRAW,2023-10-29
438574,3,3,11,41,53,DRAW,2023-10-29
438575,3,3,11,42,54,HOME_TEAM,2023-10-29
438580,3,3,11,46,52,AWAY_TEAM,2023-10-30
438593,3,3,12,57,42,HOME_TEAM,2023-11-03
438585,3,3,12,43,58,AWAY_TEAM,2023-11-04
438584,3,3,12,50,49,HOME_TEAM,2023-11-04
438586,3,3,12,59,60,DRAW,2023-11-04
438592,3,3,12,51,44,AWAY_TEAM,2023-11-04
438587,3,3,12,54,56,HOME_TEAM,2023-11-05
438589,3,3,12,53,46,HOME_TEAM,2023-11-05
438590,3,3,12,52,41,AWAY_TEAM,2023-11-05
438591,3,3,12,47,48,DRAW,2023-11-05
438588,3,3,12,45,55,HOME_TEAM,2023-11-06
438594,3,3,13,41,59,HOME_TEAM,2023-11-10
438600,3,3,13,48,58,AWAY_TEAM,2023-11-11
438603,3,3,13,56,51,AWAY_TEAM,2023-11-11
438596,3,3,13,43,57,DRAW,2023-11-11
438598,3,3,13,46,45,DRAW,2023-11-11
438602,3,3,13,47,53,HOME_TEAM,2023-11-11
438597,3,3,13,44,54,HOME_TEAM,2023-11-12
438599,3,3,13,60,50,DRAW,2023-11-12
438595,3,3,13,42,52,HOME_TEAM,2023-11-12
438606,3,3,14,54,46,HOME_TEAM,2023-11-24
438612,3,3,14,48,44,DRAW,2023-11-25
438610,3,3,14,53,59,DRAW,2023-11-25
438608,3,3,14,45,56,HOME_TEAM,2023-11-25
438604,3,3,14,42,49,HOME_TEAM,2023-11-25
438611,3,3,14,52,43,HOME_TEAM,2023-11-26
438613,3,3,14,51,60,HOME_TEAM,2023-11-26
438607,3,3,14,55,47,AWAY_TEAM,2023-11-26
438605,3,3,14,50,57,HOME_TEAM,2023-11-26
438609,3,3,14,58,41,DRAW,2023-11-27
438601,3,3,13,49,55,DRAW,2023-11-29
438623,3,3,15,57,45,HOME_TEAM,2023-12-01
438618,3,3,15,58,53,HOME_TEAM,2023-12-02
438614,3,3,15,41,48,HOME_TEAM,2023-12-02
438621,3,3,15,47,46,HOME_TEAM,2023-12-02
438615,3,3,15,43,51,DRAW,2023-12-02
438620,3,3,15,49,54,DRAW,2023-12-03
438622,3,3,15,56,50,DRAW,2023-12-03
438619,3,3,15,60,52,DRAW,2023-12-03
438617,3,3,15,44,42,HOME_TEAM,2023-12-03
438616,3,3,15,59,55,DRAW,2023-12-04
438629,3,3,16,45,53,HOME_TEAM,2023-12-08
438626,3,3,16,54,57,AWAY_TEAM,2023-12-09
438625,3,3,16,50,47,DRAW,2023-12-09
438631,3,3,16,52,51,AWAY_TEAM,2023-12-09
438633,3,3,16,49,60,HOME_TEAM,2023-12-09
438624,3,3,16,42,56,HOME_TEAM,2023-12-10
438628,3,3,16,55,43,DRAW,2023-12-10
438627,3,3,16,44,58,AWAY_TEAM,2023-12-10
438630,3,3,16,46,41,DRAW,2023-12-11
438632,3,3,16,48,59,DRAW,2023-12-11
438635,3,3,17,43,48,HOME_TEAM,2023-12-15
438636,3,3,17,59,46,HOME_TEAM,2023-12-16
438634,3,3,17,41,42,HOME_TEAM,2023-12-16
438638,3,3,17,60,45,AWAY_TEAM,2023-12-16
438639,3,3,17,53,44,DRAW,2023-12-16
438642,3,3,17,56,49,DRAW,2023-12-17
438641,3,3,17,51,50,DRAW,2023-12-17
438643,3,3,17,57,55,DRAW,2023-12-17
438640,3,3,17,47,52,HOME_TEAM,2023-12-17
438637,3,3,17,58,54,HOME_TEAM,2023-12-18
438652,3,3,18,48,53,AWAY_TEAM,2023-12-19
438645,3,3,18,42,45,DRAW,2023-12-19
438650,3,3,18,46,60,AWAY_TEAM,2023-12-19
438648,3,3,18,44,56,HOME_TEAM,2023-12-20
438644,3,3,18,41,57,HOME_TEAM,2023-12-20
438651,3,3,18,52,59,HOME_TEAM,2023-12-20
438646,3,3,18,50,58,DRAW,2023-12-21
438649,3,3,18,55,51,DRAW,2023-12-21
438647,3,3,18,54,47,AWAY_TEAM,2023-12-21
438653,3,3,18,49,43,HOME_TEAM,2023-12-21
438504,3,3,4,42,60,HOME_TEAM,2023-12-23
438656,3,3,19,45,48,AWAY_TEAM,2024-01-02
438662,3,3,19,51,54,DRAW,2024-01-02
438660,3,3,19,53,52,HOME_TEAM,2024-01-02
438658,3,3,19,46,55,HOME_TEAM,2024-01-03
438655,3,3,19,59,50,HOME_TEAM,2024-01-03
438661,3,3,19,47,49,HOME_TEAM,2024-01-03
438657,3,3,19,58,42,HOME_TEAM,2024-01-03
438654,3,3,19,43,56,HOME_TEAM,2024-01-04
438659,3,3,19,60,41,AWAY_TEAM,2024-01-04
438663,3,3,19,57,44,AWAY_TEAM,2024-01-04
438670,3,3,20,60,54,AWAY_TEAM,2024-01-12
438673,3,3,20,57,52,HOME_TEAM,2024-01-13
438671,3,3,20,49,59,DRAW,2024-01-13
438664,3,3,20,41,51,HOME_TEAM,2024-01-13
438666,3,3,20,50,46,HOME_TEAM,2024-01-13
438672,3,3,20,56,58,DRAW,2024-01-14
438668,3,3,20,55,53,AWAY_TEAM,2024-01-14
438677,3,3,21,54,55,HOME_TEAM,2024-01-19
438682,3,3,21,48,57,AWAY_TEAM,2024-01-20
438681,3,3,21,52,49,DRAW,2024-01-20
438680,3,3,21,53,41,HOME_TEAM,2024-01-20
438676,3,3,21,59,51,AWAY_TEAM,2024-01-20
438675,3,3,21,43,45,HOME_TEAM,2024-01-21
438683,3,3,21,47,56,HOME_TEAM,2024-01-21
438674,3,3,21,50,44,AWAY_TEAM,2024-01-21
438678,3,3,21,58,60,HOME_TEAM,2024-01-21
438679,3,3,21,46,42,AWAY_TEAM,2024-01-22
438692,3,3,22,56,54,AWAY_TEAM,2024-01-26
438691,3,3,22,51,48,DRAW,2024-01-27
438693,3,3,22,57,47,AWAY_TEAM,2024-01-27
438686,3,3,22,44,52,AWAY_TEAM,2024-01-27
438690,3,3,22,49,50,AWAY_TEAM,2024-01-27
438685,3,3,22,59,58,AWAY_TEAM,2024-01-28
438687,3,3,22,55,41,DRAW,2024-01-28
438689,3,3,22,60,43,DRAW,2024-01-28
438684,3,3,22,42,53,HOME_TEAM,2024-01-28
438688,3,3,22,45,46,HOME_TEAM,2024-01-29
438667,3,3,20,44,43,HOME_TEAM,2024-01-31
438665,3,3,20,42,48,HOME_TEAM,2024-01-31
438669,3,3,20,45,47,AWAY_TEAM,2024-02-01
438694,3,3,23,41,49,HOME_TEAM,2024-02-02
438700,3,3,23,53,56,HOME_TEAM,2024-02-03
438699,3,3,23,46,57,DRAW,2024-02-03
438697,3,3,23,54,44,AWAY_TEAM,2024-02-03
438698,3,3,23,58,51,DRAW,2024-02-03
438701,3,3,23,52,55,DRAW,2024-02-04
438696,3,3,23,43,59,AWAY_TEAM,2024-02-04
438695,3,3,23,50,45,DRAW,2024-02-04
438703,3,3,23,47,42,DRAW,2024-02-04
438702,3,3,23,48,60,AWAY_TEAM,2024-02-05
438706,3,3,24,55,50,AWAY_TEAM,2024-02-09
438704,3,3,24,54,52,DRAW,2024-02-10
438711,3,3,24,51,43,AWAY_TEAM,2024-02-10
438710,3,3,24,47,58,HOME_TEAM,2024-02-10
438713,3,3,24,57,53,HOME_TEAM,2024-02-10
438707,3,3,24,45,59,HOME_TEAM,2024-02-11
438709,3,3,24,49,48,HOME_TEAM,2024-02-11
438708,3,3,24,60,42,HOME_TEAM,2024-02-11
438705,3,3,24,44,46,DRAW,2024-02-11
438712,3,3,24,56,41,DRAW,2024-02-12
438721,3,3,25,52,45,DRAW,2024-02-16
438715,3,3,25,42,57,HOME_TEAM,2024-02-17
438717,3,3,25,43,55,HOME_TEAM,2024-02-17
438718,3,3,25,59,44,AWAY_TEAM,2024-02-17
438720,3,3,25,53,60,DRAW,2024-02-17
438722,3,3,25,48,47,DRAW,2024-02-18
438719,3,3,25,46,56,DRAW,2024-02-18
438723,3,3,25,49,51,AWAY_TEAM,2024-02-18
438716,3,3,25,50,54,DRAW,2024-02-18
438714,3,3,25,41,58,HOME_TEAM,2024-02-19
438731,3,3,26,51,52,AWAY_TEAM,2024-02-23
438726,3,3,26,44,45,HOME_TEAM,2024-02-24
438725,3,3,26,54,49,DRAW,2024-02-24
438732,3,3,26,56,42,DRAW,2024-02-24
438727,3,3,26,55,59,DRAW,2024-02-25
438724,3,3,26,50,41,HOME_TEAM,2024-02-25
438733,3,3,26,57,43,DRAW,2024-02-25
438730,3,3,26,47,60,HOME_TEAM,2024-02-25
438728,3,3,26,58,48,HOME_TEAM,2024-02-26
438737,3,3,27,59,56,HOME_TEAM,2024-03-01
438739,3,3,27,60,51,HOME_TEAM,2024-03-02
438742,3,3,27,48,55,DRAW,2024-03-02
438738,3,3,27,45,57,DRAW,2024-03-02
438740,3,3,27,53,47,DRAW,2024-03-02
438741,3,3,27,52,46,HOME_TEAM,2024-03-03
438735,3,3,27,42,50,HOME_TEAM,2024-03-03
438743,3,3,27,49,58,HOME_TEAM,2024-03-03
438734,3,3,27,41,44,DRAW,2024-03-03
438736,3,3,27,43,54,HOME_TEAM,2024-03-04
438746,3,3,28,44,49,HOME_TEAM,2024-03-08
438750,3,3,28,53,45,HOME_TEAM,2024-03-09
438747,3,3,28,55,42,HOME_TEAM,2024-03-09
438749,3,3,28,46,51,AWAY_TEAM,2024-03-09
438748,3,3,28,58,43,HOME_TEAM,2024-03-09
438745,3,3,28,54,48,HOME_TEAM,2024-03-10
438753,3,3,28,57,41,AWAY_TEAM,2024-03-10
438751,3,3,28,47,59,HOME_TEAM,2024-03-10
438744,3,3,28,50,52,AWAY_TEAM,2024-03-10
438752,3,3,28,56,60,DRAW,2024-03-11
438762,3,3,29,51,55,HOME_TEAM,2024-03-15
438761,3,3,29,49,46,HOME_TEAM,2024-03-16
438756,3,3,29,43,47,AWAY_TEAM,2024-03-16
438757,3,3,29,45,58,HOME_TEAM,2024-03-16
438754,3,3,29,41,54,HOME_TEAM,2024-03-16
438758,3,3,29,60,59,AWAY_TEAM,2024-03-17
438759,3,3,29,52,53,HOME_TEAM,2024-03-17
438763,3,3,29,57,56,AWAY_TEAM,2024-03-17
438760,3,3,29,48,50,HOME_TEAM,2024-03-17
438755,3,3,29,42,44,AWAY_TEAM,2024-03-17
438767,3,3,30,55,46,HOME_TEAM,2024-03-29
438768,3,3,30,45,60,AWAY_TEAM,2024-03-30
438773,3,3,30,56,43,AWAY_TEAM,2024-03-30
438770,3,3,30,53,49,DRAW,2024-03-30
438766,3,3,30,44,57,HOME_TEAM,2024-03-30
438764,3,3,30,59,48,DRAW,2024-03-31
438769,3,3,30,58,50,HOME_TEAM,2024-03-31
438765,3,3,30,54,51,AWAY_TEAM,2024-03-31
438772,3,3,30,47,41,HOME_TEAM,2024-03-31
438771,3,3,30,52,42,AWAY_TEAM,2024-04-01
438729,3,3,26,46,53,AWAY_TEAM,2024-04-04
438776,3,3,31,50,59,HOME_TEAM,2024-04-12
438775,3,3,31,42,58,HOME_TEAM,2024-04-13
438780,3,3,31,48,45,DRAW,2024-04-13
438781,3,3,31,49,47,AWAY_TEAM,2024-04-13
438778,3,3,31,55,44,AWAY_TEAM,2024-04-13
438783,3,3,31,57,60,AWAY_TEAM,2024-04-14
438779,3,3,31,46,54,HOME_TEAM,2024-04-14
438774,3,3,31,41,52,DRAW,2024-04-14
438782,3,3,31,51,56,DRAW,2024-04-14
438777,3,3,31,43,53,AWAY_TEAM,2024-04-15
438784,3,3,32,41,46,DRAW,2024-04-19
438785,3,3,32,59,57,HOME_TEAM,2024-04-20
438791,3,3,32,48,43,HOME_TEAM,2024-04-20
438790,3,3,32,53,50,AWAY_TEAM,2024-04-20
438788,3,3,32,58,55,HOME_TEAM,2024-04-20
438787,3,3,32,45,51,DRAW,2024-04-21
438793,3,3,32,56,52,AWAY_TEAM,2024-04-21
438786,3,3,32,54,42,HOME_TEAM,2024-04-21
438792,3,3,32,47,44,HOME_TEAM,2024-04-21
438789,3,3,32,60,49,HOME_TEAM,2024-04-22
438801,3,3,33,51,47,AWAY_TEAM,2024-04-26
438803,3,3,33,57,58,AWAY_TEAM,2024-04-27
438802,3,3,33,56,45,AWAY_TEAM,2024-04-27
438796,3,3,33,54,59,HOME_TEAM,2024-04-27
438794,3,3,33,42,41,HOME_TEAM,2024-04-27
438798,3,3,33,55,49,DRAW,2024-04-28
438799,3,3,33,46,43,HOME_TEAM,2024-04-28
438800,3,3,33,52,48,HOME_TEAM,2024-04-28
438795,3,3,33,50,60,DRAW,2024-04-28
438797,3,3,33,44,53,HOME_TEAM,2024-04-29
438806,3,3,34,45,41,AWAY_TEAM,2024-05-03
438813,3,3,34,51,57,HOME_TEAM,2024-05-04
438812,3,3,34,47,55,HOME_TEAM,2024-05-04
438807,3,3,34,58,44,HOME_TEAM,2024-05-04
438811,3,3,34,49,42,AWAY_TEAM,2024-05-04
438804,3,3,34,43,50,AWAY_TEAM,2024-05-05
438805,3,3,34,59,52,HOME_TEAM,2024-05-05
438809,3,3,34,53,54,AWAY_TEAM,2024-05-05
438808,3,3,34,60,46,HOME_TEAM,2024-05-05
438810,3,3,34,48,56,AWAY_TEAM,2024-05-05
438817,3,3,35,54,58,DRAW,2024-05-10
438823,3,3,35,49,57,HOME_TEAM,2024-05-11
438822,3,3,35,52,60,HOME_TEAM,2024-05-11
438820,3,3,35,46,47,AWAY_TEAM,2024-05-11
438814,3,3,35,41,43,DRAW,2024-05-11
438819,3,3,35,55,45,HOME_TEAM,2024-05-12
438815,3,3,35,42,59,HOME_TEAM,2024-05-12
438821,3,3,35,53,48,DRAW,2024-05-12
438816,3,3,35,50,56,HOME_TEAM,2024-05-12
438818,3,3,35,44,51,HOME_TEAM,2024-05-13
438824,3,3,36,43,49,DRAW,2024-05-14
438830,3,3,36,47,54,HOME_TEAM,2024-05-14
438827,3,3,36,58,52,AWAY_TEAM,2024-05-14
438828,3,3,36,60,55,AWAY_TEAM,2024-05-15
438829,3,3,36,48,46,HOME_TEAM,2024-05-15
438825,3,3,36,59,41,HOME_TEAM,2024-05-15
438826,3,3,36,45,42,AWAY_TEAM,2024-05-15
438833,3,3,36,57,50,DRAW,2024-05-16
438832,3,3,36,56,44,AWAY_TEAM,2024-05-16
438831,3,3,36,51,53,HOME_TEAM,2024-05-16
438837,3,3,37,54,45,HOME_TEAM,2024-05-18
438834,3,3,37,41,60,HOME_TEAM,2024-05-19
438835,3,3,37,42,43,AWAY_TEAM,2024-05-19
438836,3,3,37,50,51,AWAY_TEAM,2024-05-19
438838,3,3,37,44,48,HOME_TEAM,2024-05-19
438839,3,3,37,55,57,DRAW,2024-05-19
438840,3,3,37,46,59,AWAY_TEAM,2024-05-19
438841,3,3,37,53,58,AWAY_TEAM,2024-05-19
438842,3,3,37,52,47,DRAW,2024-05-19
438843,3,3,37,49,56,DRAW,2024-05-19
438847,3,3,38,58,46,HOME_TEAM,2024-05-24
438844,3,3,38,43,52,DRAW,2024-05-25
438851,3,3,38,51,42,AWAY_TEAM,2024-05-25
438849,3,3,38,48,41,AWAY_TEAM,2024-05-25
438852,3,3,38,56,55,HOME_TEAM,2024-05-25
438850,3,3,38,47,50,DRAW,2024-05-25
438846,3,3,38,45,49,AWAY_TEAM,2024-05-26
438845,3,3,38,59,53,DRAW,2024-05-26
438853,3,3,38,57,54,DRAW,2024-05-26
438848,3,3,38,60,44,AWAY_TEAM,2024-05-26
441789,4,4,1,68,65,AWAY_TEAM,2023-08-18
441792,4,4,1,63,78,HOME_TEAM,2023-08-19
441794,4,4,1,67,76,HOME_TEAM,2023-08-19
441795,4,4,1,62,71,AWAY_TEAM,2023-08-19
441796,4,4,1,70,72,DRAW,2023-08-19
441797,4,4,1,66,75,HOME_TEAM,2023-08-19
441790,4,4,1,64,61,HOME_TEAM,2023-08-19
441791,4,4,1,74,69,HOME_TEAM,2023-08-20
441793,4,4,1,73,77,HOME_TEAM,2023-08-20
441799,4,4,2,78,66,HOME_TEAM,2023-08-25
441800,4,4,2,71,68,HOME_TEAM,2023-08-26
441803,4,4,2,61,67,AWAY_TEAM,2023-08-26
441804,4,4,2,75,64,DRAW,2023-08-26
441805,4,4,2,76,62,AWAY_TEAM,2023-08-26
441806,4,4,2,77,74,AWAY_TEAM,2023-08-26
441802,4,4,2,72,63,AWAY_TEAM,2023-08-26
441801,4,4,2,69,73,DRAW,2023-08-27
441798,4,4,2,65,70,HOME_TEAM,2023-08-27
441807,4,4,3,64,76,DRAW,2023-09-01
441809,4,4,3,63,77,HOME_TEAM,2023-09-02
441812,4,4,3,62,67,HOME_TEAM,2023-09-02
441813,4,4,3,68,69,HOME_TEAM,2023-09-02
441814,4,4,3,70,75,DRAW,2023-09-02
441815,4,4,3,66,71,HOME_TEAM,2023-09-02
441811,4,4,3,72,65,AWAY_TEAM,2023-09-02
441810,4,4,3,73,61,DRAW,2023-09-03
441808,4,4,3,74,78,AWAY_TEAM,2023-09-03
441816,4,4,4,65,63,DRAW,2023-09-15
441817,4,4,4,78,70,HOME_TEAM,2023-09-16
441818,4,4,4,71,64,AWAY_TEAM,2023-09-16
441819,4,4,4,67,74,HOME_TEAM,2023-09-16
441820,4,4,4,69,66,AWAY_TEAM,2023-09-16
441821,4,4,4,61,62,AWAY_TEAM,2023-09-16
441822,4,4,4,75,73,DRAW,2023-09-16
441823,4,4,4,76,68,HOME_TEAM,2023-09-17
441824,4,4,4,77,72,DRAW,2023-09-17
441833,4,4,5,66,77,HOME_TEAM,2023-09-22
441825,4,4,5,65,75,HOME_TEAM,2023-09-23
441826,4,4,5,64,67,HOME_TEAM,2023-09-23
441827,4,4,5,74,62,AWAY_TEAM,2023-09-23
441830,4,4,5,72,78,AWAY_TEAM,2023-09-23
441832,4,4,5,70,69,HOME_TEAM,2023-09-23
441831,4,4,5,68,61,HOME_TEAM,2023-09-23
441828,4,4,5,63,76,HOME_TEAM,2023-09-24
441829,4,4,5,73,71,DRAW,2023-09-24
441839,4,4,6,62,64,AWAY_TEAM,2023-09-29
441836,4,4,6,67,73,HOME_TEAM,2023-09-30
441837,4,4,6,69,63,AWAY_TEAM,2023-09-30
441838,4,4,6,61,66,AWAY_TEAM,2023-09-30
441840,4,4,6,75,72,AWAY_TEAM,2023-09-30
441841,4,4,6,76,74,HOME_TEAM,2023-09-30
441834,4,4,6,78,65,DRAW,2023-09-30
441842,4,4,6,77,68,HOME_TEAM,2023-10-01
441835,4,4,6,71,70,HOME_TEAM,2023-10-01
441848,4,4,7,72,69,DRAW,2023-10-06
441844,4,4,7,64,74,HOME_TEAM,2023-10-07
441845,4,4,7,78,75,DRAW,2023-10-07
441850,4,4,7,70,77,AWAY_TEAM,2023-10-07
441851,4,4,7,66,67,HOME_TEAM,2023-10-07
441849,4,4,7,68,62,AWAY_TEAM,2023-10-07
441846,4,4,7,63,61,HOME_TEAM,2023-10-08
441843,4,4,7,65,71,HOME_TEAM,2023-10-08
441847,4,4,7,73,76,HOME_TEAM,2023-10-08
441852,4,4,8,64,68,HOME_TEAM,2023-10-20
441858,4,4,8,62,73,AWAY_TEAM,2023-10-21
441860,4,4,8,77,78,AWAY_TEAM,2023-10-21
441853,4,4,8,74,66,AWAY_TEAM,2023-10-21
441854,4,4,8,71,75,HOME_TEAM,2023-10-21
441855,4,4,8,67,63,AWAY_TEAM,2023-10-21
441856,4,4,8,69,65,AWAY_TEAM,2023-10-21
441857,4,4,8,61,72,HOME_TEAM,2023-10-22
441859,4,4,8,76,70,AWAY_TEAM,2023-10-22
441867,4,4,9,75,69,DRAW,2023-10-27
441861,4,4,9,65,77,HOME_TEAM,2023-10-28
441865,4,4,9,72,76,HOME_TEAM,2023-10-28
441866,4,4,9,68,74,HOME_TEAM,2023-10-28
441868,4,4,9,70,67,HOME_TEAM,2023-10-28
441869,4,4,9,66,62,AWAY_TEAM,2023-10-28
441862,4,4,9,78,61,HOME_TEAM,2023-10-28
441864,4,4,9,73,64,DRAW,2023-10-29
441863,4,4,9,63,71,HOME_TEAM,2023-10-29
441878,4,4,10,77,75,AWAY_TEAM,2023-11-03
441871,4,4,10,74,73,AWAY_TEAM,2023-11-04
441872,4,4,10,71,72,DRAW,2023-11-04
441874,4,4,10,69,78,HOME_TEAM,2023-11-04
441875,4,4,10,61,70,DRAW,2023-11-04
441876,4,4,10,62,63,AWAY_TEAM,2023-11-04
441870,4,4,10,64,65,AWAY_TEAM,2023-11-04
441873,4,4,10,67,68,DRAW,2023-11-05
441877,4,4,10,76,66,HOME_TEAM,2023-11-05
441882,4,4,11,72,67,HOME_TEAM,2023-11-10
441879,4,4,11,65,76,HOME_TEAM,2023-11-11
441885,4,4,11,70,62,DRAW,2023-11-11
441886,4,4,11,66,64,HOME_TEAM,2023-11-11
441887,4,4,11,77,69,DRAW,2023-11-11
441884,4,4,11,75,61,DRAW,2023-11-11
441881,4,4,11,63,74,HOME_TEAM,2023-11-12
441883,4,4,11,68,73,DRAW,2023-11-12
441880,4,4,11,78,71,HOME_TEAM,2023-11-12
441893,4,4,12,61,65,AWAY_TEAM,2023-11-24
441888,4,4,12,64,72,HOME_TEAM,2023-11-25
441889,4,4,12,74,70,DRAW,2023-11-25
441890,4,4,12,71,77,DRAW,2023-11-25
441892,4,4,12,67,78,HOME_TEAM,2023-11-25
441895,4,4,12,68,63,AWAY_TEAM,2023-11-25
441891,4,4,12,73,66,AWAY_TEAM,2023-11-25
441896,4,4,12,76,75,DRAW,2023-11-26
441894,4,4,12,62,69,DRAW,2023-11-26
441905,4,4,13,77,61,AWAY_TEAM,2023-12-01
441898,4,4,13,78,76,HOME_TEAM,2023-12-02
441901,4,4,13,72,62,HOME_TEAM,2023-12-02
441902,4,4,13,75,67,HOME_TEAM,2023-12-02
441904,4,4,13,66,68,HOME_TEAM,2023-12-02
441900,4,4,13,69,71,AWAY_TEAM,2023-12-03
441899,4,4,13,63,64,DRAW,2023-12-03
441903,4,4,13,70,73,HOME_TEAM,2023-12-03
441911,4,4,14,62,75,HOME_TEAM,2023-12-08
441907,4,4,14,74,72,HOME_TEAM,2023-12-09
441908,4,4,14,73,65,HOME_TEAM,2023-12-09
441909,4,4,14,67,71,AWAY_TEAM,2023-12-09
441912,4,4,14,68,70,HOME_TEAM,2023-12-09
441914,4,4,14,76,77,HOME_TEAM,2023-12-09
441906,4,4,14,64,78,AWAY_TEAM,2023-12-09
441913,4,4,14,66,63,DRAW,2023-12-10
441910,4,4,14,61,69,DRAW,2023-12-10
441920,4,4,15,72,68,DRAW,2023-12-15
441919,4,4,15,69,76,AWAY_TEAM,2023-12-16
441921,4,4,15,75,74,HOME_TEAM,2023-12-16
441922,4,4,15,70,64,DRAW,2023-12-16
441923,4,4,15,77,67,AWAY_TEAM,2023-12-16
441916,4,4,15,78,62,HOME_TEAM,2023-12-16
441917,4,4,15,71,61,HOME_TEAM,2023-12-17
441918,4,4,15,63,73,HOME_TEAM,2023-12-17
441915,4,4,15,65,66,HOME_TEAM,2023-12-17
441930,4,4,16,68,78,DRAW,2023-12-19
441924,4,4,16,64,69,DRAW,2023-12-19
441929,4,4,16,62,77,DRAW,2023-12-19
441925,4,4,16,74,61,HOME_TEAM,2023-12-20
441926,4,4,16,63,75,HOME_TEAM,2023-12-20
441927,4,4,16,73,72,HOME_TEAM,2023-12-20
441928,4,4,16,67,65,AWAY_TEAM,2023-12-20
441931,4,4,16,66,70,HOME_TEAM,2023-12-20
441932,4,4,16,76,71,HOME_TEAM,2023-12-20
441933,4,4,17,65,62,HOME_TEAM,2024-01-12
441934,4,4,17,78,73,AWAY_TEAM,2024-01-13
441935,4,4,17,71,74,DRAW,2024-01-13
441936,4,4,17,69,67,DRAW,2024-01-13
441938,4,4,17,61,76,DRAW,2024-01-13
441940,4,4,17,70,63,AWAY_TEAM,2024-01-13
441941,4,4,17,77,64,AWAY_TEAM,2024-01-13
441939,4,4,17,75,68,DRAW,2024-01-14
441937,4,4,17,72,66,HOME_TEAM,2024-01-14
441943,4,4,18,61,64,AWAY_TEAM,2024-01-20
441946,4,4,18,77,73,DRAW,2024-01-20
441947,4,4,18,76,67,DRAW,2024-01-20
441948,4,4,18,71,62,HOME_TEAM,2024-01-20
441950,4,4,18,75,66,HOME_TEAM,2024-01-20
441945,4,4,18,78,63,AWAY_TEAM,2024-01-20
441942,4,4,18,65,68,AWAY_TEAM,2024-01-21
441949,4,4,18,72,70,AWAY_TEAM,2024-01-21
441897,4,4,13,65,74,HOME_TEAM,2024-01-24
441954,4,4,19,73,69,HOME_TEAM,2024-01-26
441951,4,4,19,70,65,AWAY_TEAM,2024-01-27
441952,4,4,19,66,78,HOME_TEAM,2024-01-27
441953,4,4,19,68,71,HOME_TEAM,2024-01-27
441956,4,4,19,67,61,DRAW,2024-01-27
441958,4,4,19,62,76,DRAW,2024-01-27
441955,4,4,19,63,72,DRAW,2024-01-27
441959,4,4,19,74,77,HOME_TEAM,2024-01-28
441957,4,4,19,64,75,HOME_TEAM,2024-01-28
441960,4,4,20,76,64,DRAW,2024-02-02
441962,4,4,20,77,63,AWAY_TEAM,2024-02-03
441964,4,4,20,65,72,HOME_TEAM,2024-02-03
441966,4,4,20,69,68,AWAY_TEAM,2024-02-03
441967,4,4,20,75,70,DRAW,2024-02-03
441968,4,4,20,71,66,AWAY_TEAM,2024-02-03
441963,4,4,20,61,73,HOME_TEAM,2024-02-03
441965,4,4,20,67,62,DRAW,2024-02-04
441961,4,4,20,78,74,HOME_TEAM,2024-02-04
441944,4,4,18,69,74,DRAW,2024-02-07
441971,4,4,21,64,71,HOME_TEAM,2024-02-09
441970,4,4,21,70,78,DRAW,2024-02-10
441972,4,4,21,74,67,HOME_TEAM,2024-02-10
441975,4,4,21,73,75,DRAW,2024-02-10
441976,4,4,21,68,76,AWAY_TEAM,2024-02-10
441977,4,4,21,72,77,DRAW,2024-02-10
441969,4,4,21,63,65,HOME_TEAM,2024-02-10
441973,4,4,21,66,69,HOME_TEAM,2024-02-11
441974,4,4,21,62,61,DRAW,2024-02-11
441984,4,4,22,61,68,AWAY_TEAM,2024-02-16
441979,4,4,22,67,64,DRAW,2024-02-17
441980,4,4,22,62,74,AWAY_TEAM,2024-02-17
441981,4,4,22,76,63,AWAY_TEAM,2024-02-17
441985,4,4,22,69,70,HOME_TEAM,2024-02-17
441986,4,4,22,77,66,AWAY_TEAM,2024-02-17
441983,4,4,22,78,72,HOME_TEAM,2024-02-17
441982,4,4,22,71,73,DRAW,2024-02-18
441978,4,4,22,75,65,HOME_TEAM,2024-02-18
441990,4,4,23,63,69,HOME_TEAM,2024-02-23
441991,4,4,23,66,61,DRAW,2024-02-24
441994,4,4,23,74,76,DRAW,2024-02-24
441995,4,4,23,68,77,DRAW,2024-02-24
441993,4,4,23,72,75,HOME_TEAM,2024-02-24
441987,4,4,23,65,78,HOME_TEAM,2024-02-24
441989,4,4,23,73,67,DRAW,2024-02-25
441992,4,4,23,64,62,AWAY_TEAM,2024-02-25
441988,4,4,23,70,71,HOME_TEAM,2024-02-25
441996,4,4,24,71,65,DRAW,2024-03-01
441997,4,4,24,74,64,AWAY_TEAM,2024-03-02
441998,4,4,24,75,78,AWAY_TEAM,2024-03-02
442000,4,4,24,76,73,AWAY_TEAM,2024-03-02
442001,4,4,24,69,72,DRAW,2024-03-02
442003,4,4,24,77,70,AWAY_TEAM,2024-03-02
442004,4,4,24,67,66,AWAY_TEAM,2024-03-02
441999,4,4,24,61,63,AWAY_TEAM,2024-03-03
442002,4,4,24,62,68,HOME_TEAM,2024-03-03
442006,4,4,25,66,74,HOME_TEAM,2024-03-08
442009,4,4,25,65,69,HOME_TEAM,2024-03-09
442010,4,4,25,72,61,DRAW,2024-03-09
442012,4,4,25,70,76,HOME_TEAM,2024-03-09
442013,4,4,25,78,77,HOME_TEAM,2024-03-09
442005,4,4,25,68,64,AWAY_TEAM,2024-03-09
442007,4,4,25,75,71,AWAY_TEAM,2024-03-10
442011,4,4,25,73,62,HOME_TEAM,2024-03-10
442008,4,4,25,63,67,HOME_TEAM,2024-03-10
442015,4,4,26,61,78,AWAY_TEAM,2024-03-15
442014,4,4,26,77,65,AWAY_TEAM,2024-03-16
442018,4,4,26,76,72,DRAW,2024-03-16
442019,4,4,26,74,68,HOME_TEAM,2024-03-16
442020,4,4,26,69,75,HOME_TEAM,2024-03-16
442021,4,4,26,67,70,AWAY_TEAM,2024-03-16
442022,4,4,26,62,66,AWAY_TEAM,2024-03-16
442016,4,4,26,71,63,AWAY_TEAM,2024-03-17
442017,4,4,26,64,73,HOME_TEAM,2024-03-17
442024,4,4,27,73,74,DRAW,2024-03-30
442025,4,4,27,72,71,AWAY_TEAM,2024-03-30
442026,4,4,27,68,67,AWAY_TEAM,2024-03-30
442027,4,4,27,78,69,DRAW,2024-03-30
442029,4,4,27,63,62,HOME_TEAM,2024-03-30
442023,4,4,27,65,64,AWAY_TEAM,2024-03-30
442028,4,4,27,70,61,DRAW,2024-03-31
442030,4,4,27,66,76,DRAW,2024-03-31
442031,4,4,27,75,77,DRAW,2024-03-31
442036,4,4,28,73,68,DRAW,2024-04-05
442032,4,4,28,76,65,HOME_TEAM,2024-04-06
442033,4,4,28,71,78,AWAY_TEAM,2024-04-06
442034,4,4,28,74,63,AWAY_TEAM,2024-04-06
442037,4,4,28,61,75,HOME_TEAM,2024-04-06
442040,4,4,28,69,77,HOME_TEAM,2024-04-06
442039,4,4,28,64,66,AWAY_TEAM,2024-04-06
442038,4,4,28,62,70,HOME_TEAM,2024-04-07
442035,4,4,28,67,72,AWAY_TEAM,2024-04-07
442042,4,4,29,70,74,HOME_TEAM,2024-04-12
442041,4,4,29,72,64,AWAY_TEAM,2024-04-13
442045,4,4,29,78,67,HOME_TEAM,2024-04-13
442046,4,4,29,65,61,HOME_TEAM,2024-04-13
442047,4,4,29,69,62,HOME_TEAM,2024-04-13
442049,4,4,29,75,76,DRAW,2024-04-13
442044,4,4,29,66,73,HOME_TEAM,2024-04-13
442043,4,4,29,77,71,AWAY_TEAM,2024-04-14
442048,4,4,29,63,68,HOME_TEAM,2024-04-14
442056,4,4,30,73,70,HOME_TEAM,2024-04-19
442051,4,4,30,76,78,AWAY_TEAM,2024-04-20
442054,4,4,30,62,72,HOME_TEAM,2024-04-20
442055,4,4,30,67,75,HOME_TEAM,2024-04-20
442058,4,4,30,61,77,AWAY_TEAM,2024-04-20
442050,4,4,30,74,65,AWAY_TEAM,2024-04-20
442057,4,4,30,68,66,HOME_TEAM,2024-04-21
442052,4,4,30,64,63,DRAW,2024-04-21
442053,4,4,30,71,69,DRAW,2024-04-21
442064,4,4,31,75,62,HOME_TEAM,2024-04-26
442059,4,4,31,78,64,HOME_TEAM,2024-04-27
442061,4,4,31,65,73,HOME_TEAM,2024-04-27
442062,4,4,31,71,67,AWAY_TEAM,2024-04-27
442065,4,4,31,70,68,AWAY_TEAM,2024-04-27
442066,4,4,31,63,66,DRAW,2024-04-27
442060,4,4,31,72,74,DRAW,2024-04-28
442063,4,4,31,69,61,DRAW,2024-04-28
442067,4,4,31,77,76,AWAY_TEAM,2024-04-28
442069,4,4,32,62,78,DRAW,2024-05-03
442068,4,4,32,66,65,HOME_TEAM,2024-05-04
442073,4,4,32,68,72,DRAW,2024-05-04
442075,4,4,32,64,70,HOME_TEAM,2024-05-04
442076,4,4,32,67,77,HOME_TEAM,2024-05-04
442070,4,4,32,61,71,DRAW,2024-05-04
442074,4,4,32,74,75,AWAY_TEAM,2024-05-05
442071,4,4,32,73,63,AWAY_TEAM,2024-05-05
442072,4,4,32,76,69,DRAW,2024-05-05
442084,4,4,33,70,66,AWAY_TEAM,2024-05-10
442078,4,4,33,61,74,HOME_TEAM,2024-05-11
442080,4,4,33,72,73,DRAW,2024-05-11
442083,4,4,33,78,68,DRAW,2024-05-11
442085,4,4,33,71,76,DRAW,2024-05-11
442077,4,4,33,69,64,HOME_TEAM,2024-05-11
442082,4,4,33,77,62,AWAY_TEAM,2024-05-12
442081,4,4,33,65,67,HOME_TEAM,2024-05-12
442079,4,4,33,75,63,AWAY_TEAM,2024-05-12
442086,4,4,34,62,65,HOME_TEAM,2024-05-18
442087,4,4,34,73,78,DRAW,2024-05-18
442088,4,4,34,74,71,HOME_TEAM,2024-05-18
442089,4,4,34,67,69,AWAY_TEAM,2024-05-18
442090,4,4,34,66,72,HOME_TEAM,2024-05-18
442091,4,4,34,76,61,HOME_TEAM,2024-05-18
442092,4,4,34,68,75,HOME_TEAM,2024-05-18
442093,4,4,34,63,70,HOME_TEAM,2024-05-18
442094,4,4,34,64,77,HOME_TEAM,2024-05-18
442710,5,5,1,84,83,DRAW,2023-08-11
442711,5,5,1,81,94,HOME_TEAM,2023-08-12
442712,5,5,1,86,87,DRAW,2023-08-12
442714,5,5,1,80,93,HOME_TEAM,2023-08-13
442707,5,5,1,90,95,AWAY_TEAM,2023-08-13
442708,5,5,1,91,79,AWAY_TEAM,2023-08-13
442709,5,5,1,82,89,DRAW,2023-08-13
442715,5,5,1,88,92,HOME_TEAM,2023-08-13
442713,5,5,1,96,85,HOME_TEAM,2023-08-13
442719,5,5,2,92,81,DRAW,2023-08-18
442721,5,5,2,85,82,AWAY_TEAM,2023-08-19
442720,5,5,2,79,86,DRAW,2023-08-19
442722,5,5,2,83,91,HOME_TEAM,2023-08-20
442716,5,5,2,89,80,AWAY_TEAM,2023-08-20
442718,5,5,2,87,84,DRAW,2023-08-20
442724,5,5,2,94,90,HOME_TEAM,2023-08-20
442717,5,5,2,95,96,HOME_TEAM,2023-08-20
442723,5,5,2,93,88,DRAW,2023-08-20
442727,5,5,3,91,95,DRAW,2023-08-25
442730,5,5,3,81,80,HOME_TEAM,2023-08-26
442731,5,5,3,86,93,HOME_TEAM,2023-08-26
442733,5,5,3,88,89,DRAW,2023-08-27
442725,5,5,3,90,92,AWAY_TEAM,2023-08-27
442728,5,5,3,82,94,AWAY_TEAM,2023-08-27
442732,5,5,3,96,79,HOME_TEAM,2023-08-27
442726,5,5,3,87,83,HOME_TEAM,2023-08-27
442729,5,5,3,84,85,DRAW,2023-08-27
442737,5,5,4,91,81,DRAW,2023-09-01
442741,5,5,4,80,88,DRAW,2023-09-02
442735,5,5,4,95,93,HOME_TEAM,2023-09-02
442738,5,5,4,79,90,DRAW,2023-09-03
442734,5,5,4,89,87,HOME_TEAM,2023-09-03
442736,5,5,4,92,94,DRAW,2023-09-03
442740,5,5,4,83,82,HOME_TEAM,2023-09-03
442739,5,5,4,84,96,HOME_TEAM,2023-09-03
442742,5,5,4,85,86,AWAY_TEAM,2023-09-03
442747,5,5,5,86,84,AWAY_TEAM,2023-09-15
442751,5,5,5,88,83,DRAW,2023-09-16
442749,5,5,5,93,92,AWAY_TEAM,2023-09-16
442744,5,5,5,87,95,DRAW,2023-09-17
442743,5,5,5,90,91,AWAY_TEAM,2023-09-17
442748,5,5,5,96,82,DRAW,2023-09-17
442750,5,5,5,94,80,AWAY_TEAM,2023-09-17
442746,5,5,5,81,79,DRAW,2023-09-17
442745,5,5,5,85,89,DRAW,2023-09-17
442753,5,5,6,95,84,AWAY_TEAM,2023-09-22
442755,5,5,6,91,87,HOME_TEAM,2023-09-23
442760,5,5,6,80,85,HOME_TEAM,2023-09-23
442754,5,5,6,92,96,AWAY_TEAM,2023-09-24
442752,5,5,6,89,90,HOME_TEAM,2023-09-24
442759,5,5,6,93,79,HOME_TEAM,2023-09-24
442756,5,5,6,82,88,DRAW,2023-09-24
442758,5,5,6,86,81,HOME_TEAM,2023-09-24
442757,5,5,6,83,94,AWAY_TEAM,2023-09-26
442767,5,5,7,96,93,AWAY_TEAM,2023-09-29
442763,5,5,7,90,86,DRAW,2023-09-30
442762,5,5,7,95,81,HOME_TEAM,2023-09-30
442768,5,5,7,94,85,HOME_TEAM,2023-10-01
442761,5,5,7,89,83,AWAY_TEAM,2023-10-01
442765,5,5,7,79,92,HOME_TEAM,2023-10-01
442766,5,5,7,84,80,DRAW,2023-10-01
442764,5,5,7,87,82,AWAY_TEAM,2023-10-01
442769,5,5,7,88,91,HOME_TEAM,2023-10-01
442774,5,5,8,96,91,AWAY_TEAM,2023-10-06
442770,5,5,8,92,84,AWAY_TEAM,2023-10-07
442777,5,5,8,94,95,AWAY_TEAM,2023-10-07
442772,5,5,8,81,89,HOME_TEAM,2023-10-08
442773,5,5,8,85,87,DRAW,2023-10-08
442776,5,5,8,80,79,DRAW,2023-10-08
442775,5,5,8,93,83,DRAW,2023-10-08
442778,5,5,8,88,86,AWAY_TEAM,2023-10-08
442779,5,5,9,89,93,DRAW,2023-10-20
442787,5,5,9,86,96,HOME_TEAM,2023-10-21
442784,5,5,9,84,81,HOME_TEAM,2023-10-21
442781,5,5,9,87,88,HOME_TEAM,2023-10-22
442782,5,5,9,91,82,HOME_TEAM,2023-10-22
442783,5,5,9,79,94,DRAW,2023-10-22
442786,5,5,9,83,80,HOME_TEAM,2023-10-22
442780,5,5,9,95,92,HOME_TEAM,2023-10-22
442785,5,5,9,85,90,AWAY_TEAM,2023-10-22
442788,5,5,10,90,84,AWAY_TEAM,2023-10-27
442795,5,5,10,94,87,HOME_TEAM,2023-10-28
442793,5,5,10,93,91,HOME_TEAM,2023-10-28
442794,5,5,10,80,86,AWAY_TEAM,2023-10-29
442789,5,5,10,92,89,DRAW,2023-10-29
442790,5,5,10,82,79,HOME_TEAM,2023-10-29
442792,5,5,10,83,95,HOME_TEAM,2023-10-29
442796,5,5,10,88,96,DRAW,2023-10-29
442804,5,5,11,86,82,HOME_TEAM,2023-11-03
442798,5,5,11,87,93,DRAW,2023-11-04
442803,5,5,11,81,83,DRAW,2023-11-04
442802,5,5,11,85,92,DRAW,2023-11-05
442799,5,5,11,91,94,AWAY_TEAM,2023-11-05
442800,5,5,11,79,89,AWAY_TEAM,2023-11-05
442805,5,5,11,96,90,DRAW,2023-11-05
442797,5,5,11,95,80,HOME_TEAM,2023-11-05
442801,5,5,11,84,88,HOME_TEAM,2023-11-05
442809,5,5,12,82,84,DRAW,2023-11-10
442813,5,5,12,94,86,AWAY_TEAM,2023-11-11
442806,5,5,12,89,95,DRAW,2023-11-11
442807,5,5,12,90,87,HOME_TEAM,2023-11-12
442808,5,5,12,92,91,HOME_TEAM,2023-11-12
442810,5,5,12,83,79,DRAW,2023-11-12
442814,5,5,12,88,85,AWAY_TEAM,2023-11-12
442811,5,5,12,93,81,HOME_TEAM,2023-11-12
442821,5,5,13,86,95,HOME_TEAM,2023-11-24
442815,5,5,13,90,93,AWAY_TEAM,2023-11-25
442822,5,5,13,96,81,DRAW,2023-11-25
442819,5,5,13,84,79,HOME_TEAM,2023-11-26
442816,5,5,13,87,92,AWAY_TEAM,2023-11-26
442817,5,5,13,91,89,DRAW,2023-11-26
442818,5,5,13,82,80,AWAY_TEAM,2023-11-26
442823,5,5,13,88,94,HOME_TEAM,2023-11-26
442820,5,5,13,85,83,AWAY_TEAM,2023-11-26
442771,5,5,8,82,90,DRAW,2023-11-29
442832,5,5,14,94,96,HOME_TEAM,2023-12-01
442830,5,5,14,93,85,HOME_TEAM,2023-12-02
442826,5,5,14,91,84,HOME_TEAM,2023-12-02
442824,5,5,14,89,86,AWAY_TEAM,2023-12-03
442825,5,5,14,95,82,HOME_TEAM,2023-12-03
442827,5,5,14,79,87,DRAW,2023-12-03
442831,5,5,14,80,90,HOME_TEAM,2023-12-03
442829,5,5,14,83,92,HOME_TEAM,2023-12-03
442828,5,5,14,81,88,HOME_TEAM,2023-12-03
442791,5,5,10,81,85,HOME_TEAM,2023-12-06
442812,5,5,12,80,96,DRAW,2023-12-07
442836,5,5,15,82,93,DRAW,2023-12-08
442841,5,5,15,88,95,AWAY_TEAM,2023-12-09
442839,5,5,15,86,91,HOME_TEAM,2023-12-09
442837,5,5,15,84,94,HOME_TEAM,2023-12-10
442833,5,5,15,90,83,DRAW,2023-12-10
442835,5,5,15,92,80,AWAY_TEAM,2023-12-10
442840,5,5,15,96,89,HOME_TEAM,2023-12-10
442838,5,5,15,85,79,HOME_TEAM,2023-12-10
442834,5,5,15,87,81,AWAY_TEAM,2023-12-10
442843,5,5,16,95,85,AWAY_TEAM,2023-12-15
442842,5,5,16,89,84,HOME_TEAM,2023-12-16
442850,5,5,16,93,94,HOME_TEAM,2023-12-16
442846,5,5,16,91,80,AWAY_TEAM,2023-12-17
442844,5,5,16,87,96,AWAY_TEAM,2023-12-17
442845,5,5,16,92,82,AWAY_TEAM,2023-12-17
442847,5,5,16,79,88,DRAW,2023-12-17
442848,5,5,16,81,90,HOME_TEAM,2023-12-17
442849,5,5,16,83,86,DRAW,2023-12-17
442851,5,5,17,90,88,AWAY_TEAM,2023-12-20
442852,5,5,17,79,95,AWAY_TEAM,2023-12-20
442853,5,5,17,82,81,DRAW,2023-12-20
442854,5,5,17,84,93,HOME_TEAM,2023-12-20
442855,5,5,17,85,91,HOME_TEAM,2023-12-20
442856,5,5,17,86,92,HOME_TEAM,2023-12-20
442857,5,5,17,96,83,HOME_TEAM,2023-12-20
442858,5,5,17,80,87,HOME_TEAM,2023-12-20
442859,5,5,17,94,89,HOME_TEAM,2023-12-20
442864,5,5,18,81,96,DRAW,2024-01-12
442861,5,5,18,95,94,AWAY_TEAM,2024-01-13
442868,5,5,18,88,84,HOME_TEAM,2024-01-13
442865,5,5,18,83,87,HOME_TEAM,2024-01-14
442862,5,5,18,92,79,AWAY_TEAM,2024-01-14
442863,5,5,18,91,90,AWAY_TEAM,2024-01-14
442867,5,5,18,80,82,HOME_TEAM,2024-01-14
442860,5,5,18,89,85,HOME_TEAM,2024-01-14
442866,5,5,18,93,86,AWAY_TEAM,2024-01-14
442875,5,5,19,85,88,AWAY_TEAM,2024-01-26
442873,5,5,19,84,92,HOME_TEAM,2024-01-27
442874,5,5,19,81,95,DRAW,2024-01-27
442872,5,5,19,82,83,DRAW,2024-01-28
442869,5,5,19,90,96,DRAW,2024-01-28
442870,5,5,19,87,89,DRAW,2024-01-28
442877,5,5,19,94,91,DRAW,2024-01-28
442871,5,5,19,79,93,AWAY_TEAM,2024-01-28
442876,5,5,19,86,80,DRAW,2024-01-28
442883,5,5,20,96,86,AWAY_TEAM,2024-02-02
442886,5,5,20,88,82,HOME_TEAM,2024-02-03
442880,5,5,20,91,93,AWAY_TEAM,2024-02-03
442878,5,5,20,95,89,DRAW,2024-02-04
442882,5,5,20,83,90,HOME_TEAM,2024-02-04
442885,5,5,20,94,79,AWAY_TEAM,2024-02-04
442879,5,5,20,92,87,AWAY_TEAM,2024-02-04
442884,5,5,20,80,84,DRAW,2024-02-04
442881,5,5,20,85,81,HOME_TEAM,2024-02-04
442893,5,5,21,81,92,DRAW,2024-02-09
442895,5,5,21,93,96,HOME_TEAM,2024-02-10
442894,5,5,21,86,83,HOME_TEAM,2024-02-10
442887,5,5,21,89,88,AWAY_TEAM,2024-02-11
442888,5,5,21,90,80,DRAW,2024-02-11
442889,5,5,21,87,94,HOME_TEAM,2024-02-11
442890,5,5,21,79,91,AWAY_TEAM,2024-02-11
442891,5,5,21,82,85,AWAY_TEAM,2024-02-11
442892,5,5,21,84,95,AWAY_TEAM,2024-02-11
442899,5,5,22,85,84,HOME_TEAM,2024-02-16
442900,5,5,22,83,89,HOME_TEAM,2024-02-17
442897,5,5,22,91,86,AWAY_TEAM,2024-02-17
442901,5,5,22,96,87,AWAY_TEAM,2024-02-18
442896,5,5,22,95,79,AWAY_TEAM,2024-02-18
442898,5,5,22,82,92,HOME_TEAM,2024-02-18
442904,5,5,22,88,90,HOME_TEAM,2024-02-18
442903,5,5,22,94,93,DRAW,2024-02-18
442902,5,5,22,80,81,HOME_TEAM,2024-02-18
442907,5,5,23,92,85,AWAY_TEAM,2024-02-23
442906,5,5,23,87,91,AWAY_TEAM,2024-02-24
442912,5,5,23,96,80,AWAY_TEAM,2024-02-24
442913,5,5,23,93,95,AWAY_TEAM,2024-02-25
442905,5,5,23,89,94,AWAY_TEAM,2024-02-25
442908,5,5,23,79,83,HOME_TEAM,2024-02-25
442909,5,5,23,84,90,DRAW,2024-02-25
442911,5,5,23,86,88,DRAW,2024-02-25
442910,5,5,23,81,82,HOME_TEAM,2024-02-25
442914,5,5,24,95,86,DRAW,2024-03-01
442921,5,5,24,94,83,AWAY_TEAM,2024-03-02
442915,5,5,24,90,81,AWAY_TEAM,2024-03-02
442917,5,5,24,79,84,HOME_TEAM,2024-03-03
442916,5,5,24,91,92,AWAY_TEAM,2024-03-03
442918,5,5,24,82,96,DRAW,2024-03-03
442920,5,5,24,80,89,HOME_TEAM,2024-03-03
442922,5,5,24,88,87,AWAY_TEAM,2024-03-03
442919,5,5,24,85,93,AWAY_TEAM,2024-03-03
442926,5,5,25,84,82,AWAY_TEAM,2024-03-08
442924,5,5,25,87,85,AWAY_TEAM,2024-03-09
442931,5,5,25,93,80,HOME_TEAM,2024-03-09
442929,5,5,25,86,94,DRAW,2024-03-10
442923,5,5,25,89,79,HOME_TEAM,2024-03-10
442925,5,5,25,92,90,HOME_TEAM,2024-03-10
442930,5,5,25,96,95,AWAY_TEAM,2024-03-10
442928,5,5,25,83,88,DRAW,2024-03-10
442927,5,5,25,81,91,HOME_TEAM,2024-03-10
442935,5,5,26,79,85,AWAY_TEAM,2024-03-15
442934,5,5,26,91,96,AWAY_TEAM,2024-03-16
442937,5,5,26,93,84,AWAY_TEAM,2024-03-16
442938,5,5,26,80,83,DRAW,2024-03-17
442932,5,5,26,95,87,DRAW,2024-03-17
442933,5,5,26,90,89,HOME_TEAM,2024-03-17
442939,5,5,26,94,92,HOME_TEAM,2024-03-17
442940,5,5,26,88,81,HOME_TEAM,2024-03-17
442936,5,5,26,82,86,AWAY_TEAM,2024-03-17
442948,5,5,27,83,93,HOME_TEAM,2024-03-29
442944,5,5,27,92,95,AWAY_TEAM,2024-03-30
442947,5,5,27,85,94,DRAW,2024-03-30
442943,5,5,27,87,80,AWAY_TEAM,2024-03-31
442941,5,5,27,89,82,AWAY_TEAM,2024-03-31
442942,5,5,27,90,79,AWAY_TEAM,2024-03-31
442945,5,5,27,84,91,AWAY_TEAM,2024-03-31
442949,5,5,27,96,88,HOME_TEAM,2024-03-31
442946,5,5,27,81,86,AWAY_TEAM,2024-03-31
442954,5,5,28,83,81,HOME_TEAM,2024-04-05
442956,5,5,28,93,89,DRAW,2024-04-06
442955,5,5,28,86,90,DRAW,2024-04-06
442957,5,5,28,80,92,HOME_TEAM,2024-04-07
442952,5,5,28,79,96,DRAW,2024-04-07
442953,5,5,28,82,87,HOME_TEAM,2024-04-07
442958,5,5,28,94,84,DRAW,2024-04-07
442950,5,5,28,95,88,HOME_TEAM,2024-04-07
442951,5,5,28,91,85,AWAY_TEAM,2024-04-07
442963,5,5,29,92,93,HOME_TEAM,2024-04-12
442966,5,5,29,96,94,HOME_TEAM,2024-04-13
442967,5,5,29,88,79,AWAY_TEAM,2024-04-13
442959,5,5,29,89,91,AWAY_TEAM,2024-04-14
442961,5,5,29,90,82,DRAW,2024-04-14
442965,5,5,29,85,80,HOME_TEAM,2024-04-14
442971,5,5,30,84,87,HOME_TEAM,2024-04-19
442969,5,5,30,91,88,AWAY_TEAM,2024-04-20
442974,5,5,30,93,90,HOME_TEAM,2024-04-20
442968,5,5,30,89,92,AWAY_TEAM,2024-04-21
442972,5,5,30,83,96,HOME_TEAM,2024-04-21
442976,5,5,30,94,82,AWAY_TEAM,2024-04-21
442975,5,5,30,80,95,AWAY_TEAM,2024-04-21
442970,5,5,30,79,81,DRAW,2024-04-21
442973,5,5,30,86,85,HOME_TEAM,2024-04-21
442962,5,5,29,87,86,AWAY_TEAM,2024-04-24
442960,5,5,29,95,83,HOME_TEAM,2024-04-24
442964,5,5,29,81,84,DRAW,2024-04-24
442980,5,5,31,82,91,DRAW,2024-04-26
442983,5,5,31,86,89,DRAW,2024-04-27
442979,5,5,31,92,83,AWAY_TEAM,2024-04-28
442977,5,5,31,90,94,HOME_TEAM,2024-04-28
442978,5,5,31,87,79,AWAY_TEAM,2024-04-28
442984,5,5,31,96,84,AWAY_TEAM,2024-04-28
442985,5,5,31,88,80,AWAY_TEAM,2024-04-28
442981,5,5,31,85,95,HOME_TEAM,2024-04-28
442982,5,5,31,81,93,HOME_TEAM,2024-04-28
442989,5,5,32,79,82,AWAY_TEAM,2024-05-03
442992,5,5,32,93,87,HOME_TEAM,2024-05-03
442986,5,5,32,89,96,HOME_TEAM,2024-05-04
442987,5,5,32,95,90,HOME_TEAM,2024-05-04
442988,5,5,32,92,88,AWAY_TEAM,2024-05-04
442993,5,5,32,80,91,DRAW,2024-05-04
442991,5,5,32,83,85,AWAY_TEAM,2024-05-06
442998,5,5,33,84,89,HOME_TEAM,2024-05-10
443002,5,5,33,80,94,DRAW,2024-05-10
442995,5,5,33,90,85,AWAY_TEAM,2024-05-12
442996,5,5,33,91,83,AWAY_TEAM,2024-05-12
442997,5,5,33,82,95,AWAY_TEAM,2024-05-12
442999,5,5,33,81,87,HOME_TEAM,2024-05-12
443000,5,5,33,86,79,AWAY_TEAM,2024-05-12
443001,5,5,33,96,92,HOME_TEAM,2024-05-12
443003,5,5,33,88,93,DRAW,2024-05-12
442990,5,5,32,84,86,AWAY_TEAM,2024-05-15
442994,5,5,32,94,81,HOME_TEAM,2024-05-15
443004,5,5,34,89,81,AWAY_TEAM,2024-05-19
443005,5,5,34,95,91,HOME_TEAM,2024-05-19
443006,5,5,34,87,90,HOME_TEAM,2024-05-19
443007,5,5,34,92,86,AWAY_TEAM,2024-05-19
443008,5,5,34,79,80,AWAY_TEAM,2024-05-19
443009,5,5,34,85,96,HOME_TEAM,2024-05-19
443010,5,5,34,83,84,DRAW,2024-05-19
443011,5,5,34,93,82,DRAW,2024-05-19
443012,5,5,34,94,88,HOME_TEAM,2024-05-19
